ward,period,total_complaints
A.Narayanapura,2020Q1,118
A.Narayanapura,2020Q2,90
A.Narayanapura,2020Q3,93
A.Narayanapura,2020Q4,97
A.Narayanapura,2021Q1,76
A.Narayanapura,2021Q2,80
A.Narayanapura,2021Q3,93
A.Narayanapura,2021Q4,98
A.Narayanapura,2022Q1,90
A.Narayanapura,2022Q2,96
A.Narayanapura,2022Q3,84
A.Narayanapura,2022Q4,109
A.Narayanapura,2023Q1,93
A.Narayanapura,2023Q2,62
A.Narayanapura,2023Q3,104
A.Narayanapura,2023Q4,96
A.Narayanapura,2024Q1,121
A.Narayanapura,2024Q2,136
A.Narayanapura,2024Q3,210
A.Narayanapura,2024Q4,156
A.Narayanapura,2025Q1,255
A.Narayanapura,2025Q2,184
Adugodi,2020Q1,22
Adugodi,2020Q2,36
Adugodi,2020Q3,48
Adugodi,2020Q4,52
Adugodi,2021Q1,42
Adugodi,2021Q2,41
Adugodi,2021Q3,65
Adugodi,2021Q4,29
Adugodi,2022Q1,34
Adugodi,2022Q2,58
Adugodi,2022Q3,54
Adugodi,2022Q4,56
Adugodi,2023Q1,36
Adugodi,2023Q2,27
Adugodi,2023Q3,68
Adugodi,2023Q4,66
Adugodi,2024Q1,56
Adugodi,2024Q2,96
Adugodi,2024Q3,134
Adugodi,2024Q4,102
Adugodi,2025Q1,107
Adugodi,2025Q2,61
Agaram,2020Q1,39
Agaram,2020Q2,43
Agaram,2020Q3,29
Agaram,2020Q4,32
Agaram,2021Q1,37
Agaram,2021Q2,37
Agaram,2021Q3,74
Agaram,2021Q4,64
Agaram,2022Q1,57
Agaram,2022Q2,40
Agaram,2022Q3,62
Agaram,2022Q4,39
Agaram,2023Q1,29
Agaram,2023Q2,13
Agaram,2023Q3,35
Agaram,2023Q4,63
Agaram,2024Q1,62
Agaram,2024Q2,64
Agaram,2024Q3,120
Agaram,2024Q4,116
Agaram,2025Q1,87
Agaram,2025Q2,97
Agrahara Dasarahalli,2020Q1,30
Agrahara Dasarahalli,2020Q2,43
Agrahara Dasarahalli,2020Q3,65
Agrahara Dasarahalli,2020Q4,59
Agrahara Dasarahalli,2021Q1,58
Agrahara Dasarahalli,2021Q2,64
Agrahara Dasarahalli,2021Q3,66
Agrahara Dasarahalli,2021Q4,53
Agrahara Dasarahalli,2022Q1,57
Agrahara Dasarahalli,2022Q2,85
Agrahara Dasarahalli,2022Q3,78
Agrahara Dasarahalli,2022Q4,62
Agrahara Dasarahalli,2023Q1,27
Agrahara Dasarahalli,2023Q2,36
Agrahara Dasarahalli,2023Q3,41
Agrahara Dasarahalli,2023Q4,47
Agrahara Dasarahalli,2024Q1,53
Agrahara Dasarahalli,2024Q2,89
Agrahara Dasarahalli,2024Q3,69
Agrahara Dasarahalli,2024Q4,72
Agrahara Dasarahalli,2025Q1,52
Agrahara Dasarahalli,2025Q2,72
Anjanapur,2020Q1,103
Anjanapur,2020Q2,144
Anjanapur,2020Q3,144
Anjanapur,2020Q4,219
Anjanapur,2021Q1,160
Anjanapur,2021Q2,153
Anjanapur,2021Q3,180
Anjanapur,2021Q4,198
Anjanapur,2022Q1,162
Anjanapur,2022Q2,269
Anjanapur,2022Q3,229
Anjanapur,2022Q4,156
Anjanapur,2023Q1,143
Anjanapur,2023Q2,174
Anjanapur,2023Q3,230
Anjanapur,2023Q4,205
Anjanapur,2024Q1,164
Anjanapur,2024Q2,356
Anjanapur,2024Q3,347
Anjanapur,2024Q4,364
Anjanapur,2025Q1,402
Anjanapur,2025Q2,476
Arakere,2020Q1,231
Arakere,2020Q2,203
Arakere,2020Q3,324
Arakere,2020Q4,361
Arakere,2021Q1,385
Arakere,2021Q2,243
Arakere,2021Q3,264
Arakere,2021Q4,309
Arakere,2022Q1,212
Arakere,2022Q2,264
Arakere,2022Q3,338
Arakere,2022Q4,245
Arakere,2023Q1,173
Arakere,2023Q2,208
Arakere,2023Q3,342
Arakere,2023Q4,288
Arakere,2024Q1,338
Arakere,2024Q2,371
Arakere,2024Q3,537
Arakere,2024Q4,468
Arakere,2025Q1,504
Arakere,2025Q2,531
Aramane Nagar,2020Q1,49
Aramane Nagar,2020Q2,97
Aramane Nagar,2020Q3,101
Aramane Nagar,2020Q4,99
Aramane Nagar,2021Q1,86
Aramane Nagar,2021Q2,63
Aramane Nagar,2021Q3,95
Aramane Nagar,2021Q4,73
Aramane Nagar,2022Q1,78
Aramane Nagar,2022Q2,85
Aramane Nagar,2022Q3,106
Aramane Nagar,2022Q4,75
Aramane Nagar,2023Q1,61
Aramane Nagar,2023Q2,100
Aramane Nagar,2023Q3,151
Aramane Nagar,2023Q4,120
Aramane Nagar,2024Q1,101
Aramane Nagar,2024Q2,161
Aramane Nagar,2024Q3,216
Aramane Nagar,2024Q4,160
Aramane Nagar,2025Q1,173
Aramane Nagar,2025Q2,218
Attiguppe,2020Q1,77
Attiguppe,2020Q2,92
Attiguppe,2020Q3,79
Attiguppe,2020Q4,91
Attiguppe,2021Q1,139
Attiguppe,2021Q2,120
Attiguppe,2021Q3,117
Attiguppe,2021Q4,123
Attiguppe,2022Q1,130
Attiguppe,2022Q2,128
Attiguppe,2022Q3,197
Attiguppe,2022Q4,121
Attiguppe,2023Q1,155
Attiguppe,2023Q2,151
Attiguppe,2023Q3,197
Attiguppe,2023Q4,176
Attiguppe,2024Q1,249
Attiguppe,2024Q2,403
Attiguppe,2024Q3,375
Attiguppe,2024Q4,399
Attiguppe,2025Q1,347
Attiguppe,2025Q2,373
Azad Nagar,2020Q1,8
Azad Nagar,2020Q2,18
Azad Nagar,2020Q3,26
Azad Nagar,2020Q4,40
Azad Nagar,2021Q1,16
Azad Nagar,2021Q2,39
Azad Nagar,2021Q3,50
Azad Nagar,2021Q4,39
Azad Nagar,2022Q1,46
Azad Nagar,2022Q2,46
Azad Nagar,2022Q3,34
Azad Nagar,2022Q4,27
Azad Nagar,2023Q1,33
Azad Nagar,2023Q2,58
Azad Nagar,2023Q3,71
Azad Nagar,2023Q4,82
Azad Nagar,2024Q1,54
Azad Nagar,2024Q2,70
Azad Nagar,2024Q3,77
Azad Nagar,2024Q4,104
Azad Nagar,2025Q1,88
Azad Nagar,2025Q2,127
BTM Layout,2020Q1,198
BTM Layout,2020Q2,280
BTM Layout,2020Q3,191
BTM Layout,2020Q4,227
BTM Layout,2021Q1,167
BTM Layout,2021Q2,206
BTM Layout,2021Q3,194
BTM Layout,2021Q4,192
BTM Layout,2022Q1,182
BTM Layout,2022Q2,269
BTM Layout,2022Q3,305
BTM Layout,2022Q4,195
BTM Layout,2023Q1,180
BTM Layout,2023Q2,241
BTM Layout,2023Q3,325
BTM Layout,2023Q4,250
BTM Layout,2024Q1,277
BTM Layout,2024Q2,491
BTM Layout,2024Q3,639
BTM Layout,2024Q4,570
BTM Layout,2025Q1,482
BTM Layout,2025Q2,527
Bagalagunte,2020Q1,117
Bagalagunte,2020Q2,165
Bagalagunte,2020Q3,192
Bagalagunte,2020Q4,234
Bagalagunte,2021Q1,192
Bagalagunte,2021Q2,196
Bagalagunte,2021Q3,248
Bagalagunte,2021Q4,213
Bagalagunte,2022Q1,207
Bagalagunte,2022Q2,326
Bagalagunte,2022Q3,272
Bagalagunte,2022Q4,194
Bagalagunte,2023Q1,150
Bagalagunte,2023Q2,205
Bagalagunte,2023Q3,297
Bagalagunte,2023Q4,266
Bagalagunte,2024Q1,223
Bagalagunte,2024Q2,312
Bagalagunte,2024Q3,388
Bagalagunte,2024Q4,368
Bagalagunte,2025Q1,365
Bagalagunte,2025Q2,473
Banashankari Temple Ward,2020Q1,7
Banashankari Temple Ward,2020Q2,24
Banashankari Temple Ward,2020Q3,20
Banashankari Temple Ward,2020Q4,36
Banashankari Temple Ward,2021Q1,26
Banashankari Temple Ward,2021Q2,21
Banashankari Temple Ward,2021Q3,59
Banashankari Temple Ward,2021Q4,46
Banashankari Temple Ward,2022Q1,42
Banashankari Temple Ward,2022Q2,60
Banashankari Temple Ward,2022Q3,41
Banashankari Temple Ward,2022Q4,53
Banashankari Temple Ward,2023Q1,45
Banashankari Temple Ward,2023Q2,97
Banashankari Temple Ward,2023Q3,79
Banashankari Temple Ward,2023Q4,58
Banashankari Temple Ward,2024Q1,102
Banashankari Temple Ward,2024Q2,117
Banashankari Temple Ward,2024Q3,142
Banashankari Temple Ward,2024Q4,200
Banashankari Temple Ward,2025Q1,160
Banashankari Temple Ward,2025Q2,221
Banaswadi,2020Q1,202
Banaswadi,2020Q2,284
Banaswadi,2020Q3,323
Banaswadi,2020Q4,356
Banaswadi,2021Q1,340
Banaswadi,2021Q2,310
Banaswadi,2021Q3,361
Banaswadi,2021Q4,324
Banaswadi,2022Q1,235
Banaswadi,2022Q2,269
Banaswadi,2022Q3,372
Banaswadi,2022Q4,280
Banaswadi,2023Q1,234
Banaswadi,2023Q2,334
Banaswadi,2023Q3,493
Banaswadi,2023Q4,421
Banaswadi,2024Q1,459
Banaswadi,2024Q2,635
Banaswadi,2024Q3,812
Banaswadi,2024Q4,680
Banaswadi,2025Q1,751
Banaswadi,2025Q2,956
Bapuji Nagar,2020Q1,8
Bapuji Nagar,2020Q2,25
Bapuji Nagar,2020Q3,44
Bapuji Nagar,2020Q4,39
Bapuji Nagar,2021Q1,56
Bapuji Nagar,2021Q2,46
Bapuji Nagar,2021Q3,49
Bapuji Nagar,2021Q4,59
Bapuji Nagar,2022Q1,59
Bapuji Nagar,2022Q2,45
Bapuji Nagar,2022Q3,85
Bapuji Nagar,2022Q4,66
Bapuji Nagar,2023Q1,51
Bapuji Nagar,2023Q2,51
Bapuji Nagar,2023Q3,79
Bapuji Nagar,2023Q4,88
Bapuji Nagar,2024Q1,63
Bapuji Nagar,2024Q2,73
Bapuji Nagar,2024Q3,150
Bapuji Nagar,2024Q4,163
Bapuji Nagar,2025Q1,89
Bapuji Nagar,2025Q2,212
Basavanagudi,2020Q1,75
Basavanagudi,2020Q2,101
Basavanagudi,2020Q3,125
Basavanagudi,2020Q4,147
Basavanagudi,2021Q1,149
Basavanagudi,2021Q2,99
Basavanagudi,2021Q3,134
Basavanagudi,2021Q4,108
Basavanagudi,2022Q1,165
Basavanagudi,2022Q2,159
Basavanagudi,2022Q3,241
Basavanagudi,2022Q4,145
Basavanagudi,2023Q1,152
Basavanagudi,2023Q2,143
Basavanagudi,2023Q3,150
Basavanagudi,2023Q4,149
Basavanagudi,2024Q1,171
Basavanagudi,2024Q2,215
Basavanagudi,2024Q3,235
Basavanagudi,2024Q4,308
Basavanagudi,2025Q1,251
Basavanagudi,2025Q2,316
Basavanapura,2020Q1,167
Basavanapura,2020Q2,212
Basavanapura,2020Q3,226
Basavanapura,2020Q4,282
Basavanapura,2021Q1,233
Basavanapura,2021Q2,238
Basavanapura,2021Q3,213
Basavanapura,2021Q4,200
Basavanapura,2022Q1,253
Basavanapura,2022Q2,364
Basavanapura,2022Q3,348
Basavanapura,2022Q4,276
Basavanapura,2023Q1,216
Basavanapura,2023Q2,231
Basavanapura,2023Q3,314
Basavanapura,2023Q4,279
Basavanapura,2024Q1,189
Basavanapura,2024Q2,338
Basavanapura,2024Q3,440
Basavanapura,2024Q4,398
Basavanapura,2025Q1,556
Basavanapura,2025Q2,713
Basaveshwara Nagar,2020Q1,24
Basaveshwara Nagar,2020Q2,61
Basaveshwara Nagar,2020Q3,54
Basaveshwara Nagar,2020Q4,75
Basaveshwara Nagar,2021Q1,62
Basaveshwara Nagar,2021Q2,49
Basaveshwara Nagar,2021Q3,76
Basaveshwara Nagar,2021Q4,93
Basaveshwara Nagar,2022Q1,78
Basaveshwara Nagar,2022Q2,85
Basaveshwara Nagar,2022Q3,69
Basaveshwara Nagar,2022Q4,58
Basaveshwara Nagar,2023Q1,34
Basaveshwara Nagar,2023Q2,70
Basaveshwara Nagar,2023Q3,99
Basaveshwara Nagar,2023Q4,58
Basaveshwara Nagar,2024Q1,64
Basaveshwara Nagar,2024Q2,115
Basaveshwara Nagar,2024Q3,84
Basaveshwara Nagar,2024Q4,102
Basaveshwara Nagar,2025Q1,132
Basaveshwara Nagar,2025Q2,146
Begur,2020Q1,407
Begur,2020Q2,490
Begur,2020Q3,575
Begur,2020Q4,582
Begur,2021Q1,726
Begur,2021Q2,454
Begur,2021Q3,819
Begur,2021Q4,783
Begur,2022Q1,680
Begur,2022Q2,863
Begur,2022Q3,856
Begur,2022Q4,643
Begur,2023Q1,473
Begur,2023Q2,528
Begur,2023Q3,677
Begur,2023Q4,704
Begur,2024Q1,802
Begur,2024Q2,855
Begur,2024Q3,1109
Begur,2024Q4,989
Begur,2025Q1,1162
Begur,2025Q2,1176
Bellandur,2020Q1,415
Bellandur,2020Q2,297
Bellandur,2020Q3,372
Bellandur,2020Q4,456
Bellandur,2021Q1,471
Bellandur,2021Q2,236
Bellandur,2021Q3,338
Bellandur,2021Q4,435
Bellandur,2022Q1,296
Bellandur,2022Q2,550
Bellandur,2022Q3,891
Bellandur,2022Q4,470
Bellandur,2023Q1,433
Bellandur,2023Q2,477
Bellandur,2023Q3,666
Bellandur,2023Q4,516
Bellandur,2024Q1,498
Bellandur,2024Q2,751
Bellandur,2024Q3,1363
Bellandur,2024Q4,1067
Bellandur,2025Q1,976
Bellandur,2025Q2,1281
Benniganahalli,2020Q1,91
Benniganahalli,2020Q2,116
Benniganahalli,2020Q3,133
Benniganahalli,2020Q4,185
Benniganahalli,2021Q1,186
Benniganahalli,2021Q2,119
Benniganahalli,2021Q3,209
Benniganahalli,2021Q4,174
Benniganahalli,2022Q1,183
Benniganahalli,2022Q2,165
Benniganahalli,2022Q3,197
Benniganahalli,2022Q4,137
Benniganahalli,2023Q1,92
Benniganahalli,2023Q2,152
Benniganahalli,2023Q3,207
Benniganahalli,2023Q4,183
Benniganahalli,2024Q1,224
Benniganahalli,2024Q2,345
Benniganahalli,2024Q3,371
Benniganahalli,2024Q4,431
Benniganahalli,2025Q1,375
Benniganahalli,2025Q2,623
Bharathi Nagar,2020Q1,22
Bharathi Nagar,2020Q2,47
Bharathi Nagar,2020Q3,55
Bharathi Nagar,2020Q4,54
Bharathi Nagar,2021Q1,57
Bharathi Nagar,2021Q2,58
Bharathi Nagar,2021Q3,59
Bharathi Nagar,2021Q4,56
Bharathi Nagar,2022Q1,54
Bharathi Nagar,2022Q2,70
Bharathi Nagar,2022Q3,79
Bharathi Nagar,2022Q4,62
Bharathi Nagar,2023Q1,42
Bharathi Nagar,2023Q2,39
Bharathi Nagar,2023Q3,77
Bharathi Nagar,2023Q4,69
Bharathi Nagar,2024Q1,80
Bharathi Nagar,2024Q2,91
Bharathi Nagar,2024Q3,123
Bharathi Nagar,2024Q4,136
Bharathi Nagar,2025Q1,119
Bharathi Nagar,2025Q2,161
Bilekahalli,2020Q1,172
Bilekahalli,2020Q2,160
Bilekahalli,2020Q3,256
Bilekahalli,2020Q4,205
Bilekahalli,2021Q1,184
Bilekahalli,2021Q2,177
Bilekahalli,2021Q3,187
Bilekahalli,2021Q4,217
Bilekahalli,2022Q1,183
Bilekahalli,2022Q2,255
Bilekahalli,2022Q3,280
Bilekahalli,2022Q4,200
Bilekahalli,2023Q1,162
Bilekahalli,2023Q2,171
Bilekahalli,2023Q3,289
Bilekahalli,2023Q4,241
Bilekahalli,2024Q1,252
Bilekahalli,2024Q2,319
Bilekahalli,2024Q3,427
Bilekahalli,2024Q4,360
Bilekahalli,2025Q1,394
Bilekahalli,2025Q2,420
Binnipet,2020Q1,21
Binnipet,2020Q2,23
Binnipet,2020Q3,29
Binnipet,2020Q4,35
Binnipet,2021Q1,17
Binnipet,2021Q2,38
Binnipet,2021Q3,38
Binnipet,2021Q4,27
Binnipet,2022Q1,13
Binnipet,2022Q2,37
Binnipet,2022Q3,25
Binnipet,2022Q4,28
Binnipet,2023Q1,36
Binnipet,2023Q2,24
Binnipet,2023Q3,36
Binnipet,2023Q4,44
Binnipet,2024Q1,30
Binnipet,2024Q2,75
Binnipet,2024Q3,61
Binnipet,2024Q4,84
Binnipet,2025Q1,53
Binnipet,2025Q2,98
Bommanahalli,2020Q1,75
Bommanahalli,2020Q2,86
Bommanahalli,2020Q3,107
Bommanahalli,2020Q4,113
Bommanahalli,2021Q1,95
Bommanahalli,2021Q2,65
Bommanahalli,2021Q3,92
Bommanahalli,2021Q4,98
Bommanahalli,2022Q1,98
Bommanahalli,2022Q2,129
Bommanahalli,2022Q3,154
Bommanahalli,2022Q4,162
Bommanahalli,2023Q1,97
Bommanahalli,2023Q2,137
Bommanahalli,2023Q3,221
Bommanahalli,2023Q4,140
Bommanahalli,2024Q1,186
Bommanahalli,2024Q2,224
Bommanahalli,2024Q3,335
Bommanahalli,2024Q4,255
Bommanahalli,2025Q1,284
Bommanahalli,2025Q2,290
Byatarayanapura,2020Q1,159
Byatarayanapura,2020Q2,227
Byatarayanapura,2020Q3,301
Byatarayanapura,2020Q4,339
Byatarayanapura,2021Q1,350
Byatarayanapura,2021Q2,288
Byatarayanapura,2021Q3,413
Byatarayanapura,2021Q4,362
Byatarayanapura,2022Q1,239
Byatarayanapura,2022Q2,283
Byatarayanapura,2022Q3,303
Byatarayanapura,2022Q4,264
Byatarayanapura,2023Q1,214
Byatarayanapura,2023Q2,212
Byatarayanapura,2023Q3,366
Byatarayanapura,2023Q4,319
Byatarayanapura,2024Q1,296
Byatarayanapura,2024Q2,397
Byatarayanapura,2024Q3,557
Byatarayanapura,2024Q4,483
Byatarayanapura,2025Q1,580
Byatarayanapura,2025Q2,665
Byrasandra,2020Q1,41
Byrasandra,2020Q2,62
Byrasandra,2020Q3,72
Byrasandra,2020Q4,73
Byrasandra,2021Q1,123
Byrasandra,2021Q2,83
Byrasandra,2021Q3,196
Byrasandra,2021Q4,87
Byrasandra,2022Q1,83
Byrasandra,2022Q2,74
Byrasandra,2022Q3,127
Byrasandra,2022Q4,88
Byrasandra,2023Q1,114
Byrasandra,2023Q2,101
Byrasandra,2023Q3,132
Byrasandra,2023Q4,122
Byrasandra,2024Q1,171
Byrasandra,2024Q2,187
Byrasandra,2024Q3,232
Byrasandra,2024Q4,291
Byrasandra,2025Q1,204
Byrasandra,2025Q2,217
C.V.Raman Nagar,2020Q1,96
C.V.Raman Nagar,2020Q2,89
C.V.Raman Nagar,2020Q3,87
C.V.Raman Nagar,2020Q4,113
C.V.Raman Nagar,2021Q1,89
C.V.Raman Nagar,2021Q2,47
C.V.Raman Nagar,2021Q3,67
C.V.Raman Nagar,2021Q4,131
C.V.Raman Nagar,2022Q1,61
C.V.Raman Nagar,2022Q2,130
C.V.Raman Nagar,2022Q3,134
C.V.Raman Nagar,2022Q4,90
C.V.Raman Nagar,2023Q1,55
C.V.Raman Nagar,2023Q2,88
C.V.Raman Nagar,2023Q3,131
C.V.Raman Nagar,2023Q4,97
C.V.Raman Nagar,2024Q1,142
C.V.Raman Nagar,2024Q2,175
C.V.Raman Nagar,2024Q3,403
C.V.Raman Nagar,2024Q4,284
C.V.Raman Nagar,2025Q1,259
C.V.Raman Nagar,2025Q2,361
Chalavadipalya,2020Q1,6
Chalavadipalya,2020Q2,8
Chalavadipalya,2020Q3,21
Chalavadipalya,2020Q4,15
Chalavadipalya,2021Q1,10
Chalavadipalya,2021Q2,19
Chalavadipalya,2021Q3,60
Chalavadipalya,2021Q4,34
Chalavadipalya,2022Q1,19
Chalavadipalya,2022Q2,49
Chalavadipalya,2022Q3,51
Chalavadipalya,2022Q4,51
Chalavadipalya,2023Q1,13
Chalavadipalya,2023Q2,33
Chalavadipalya,2023Q3,39
Chalavadipalya,2023Q4,43
Chalavadipalya,2024Q1,53
Chalavadipalya,2024Q2,57
Chalavadipalya,2024Q3,52
Chalavadipalya,2024Q4,69
Chalavadipalya,2025Q1,60
Chalavadipalya,2025Q2,77
Chamrajpet,2020Q1,36
Chamrajpet,2020Q2,44
Chamrajpet,2020Q3,70
Chamrajpet,2020Q4,101
Chamrajpet,2021Q1,85
Chamrajpet,2021Q2,60
Chamrajpet,2021Q3,88
Chamrajpet,2021Q4,90
Chamrajpet,2022Q1,91
Chamrajpet,2022Q2,112
Chamrajpet,2022Q3,131
Chamrajpet,2022Q4,78
Chamrajpet,2023Q1,73
Chamrajpet,2023Q2,97
Chamrajpet,2023Q3,150
Chamrajpet,2023Q4,128
Chamrajpet,2024Q1,105
Chamrajpet,2024Q2,170
Chamrajpet,2024Q3,180
Chamrajpet,2024Q4,146
Chamrajpet,2025Q1,152
Chamrajpet,2025Q2,187
Chikkalasandra,2020Q1,76
Chikkalasandra,2020Q2,78
Chikkalasandra,2020Q3,75
Chikkalasandra,2020Q4,143
Chikkalasandra,2021Q1,87
Chikkalasandra,2021Q2,87
Chikkalasandra,2021Q3,96
Chikkalasandra,2021Q4,114
Chikkalasandra,2022Q1,98
Chikkalasandra,2022Q2,134
Chikkalasandra,2022Q3,138
Chikkalasandra,2022Q4,159
Chikkalasandra,2023Q1,108
Chikkalasandra,2023Q2,121
Chikkalasandra,2023Q3,112
Chikkalasandra,2023Q4,98
Chikkalasandra,2024Q1,121
Chikkalasandra,2024Q2,147
Chikkalasandra,2024Q3,158
Chikkalasandra,2024Q4,165
Chikkalasandra,2025Q1,156
Chikkalasandra,2025Q2,185
Chikpete,2020Q1,66
Chikpete,2020Q2,56
Chikpete,2020Q3,95
Chikpete,2020Q4,184
Chikpete,2021Q1,158
Chikpete,2021Q2,102
Chikpete,2021Q3,175
Chikpete,2021Q4,227
Chikpete,2022Q1,174
Chikpete,2022Q2,238
Chikpete,2022Q3,250
Chikpete,2022Q4,267
Chikpete,2023Q1,131
Chikpete,2023Q2,227
Chikpete,2023Q3,410
Chikpete,2023Q4,288
Chikpete,2024Q1,209
Chikpete,2024Q2,297
Chikpete,2024Q3,358
Chikpete,2024Q4,537
Chikpete,2025Q1,435
Chikpete,2025Q2,425
Chokkasandra,2020Q1,51
Chokkasandra,2020Q2,96
Chokkasandra,2020Q3,121
Chokkasandra,2020Q4,133
Chokkasandra,2021Q1,127
Chokkasandra,2021Q2,102
Chokkasandra,2021Q3,165
Chokkasandra,2021Q4,146
Chokkasandra,2022Q1,148
Chokkasandra,2022Q2,145
Chokkasandra,2022Q3,141
Chokkasandra,2022Q4,122
Chokkasandra,2023Q1,99
Chokkasandra,2023Q2,102
Chokkasandra,2023Q3,127
Chokkasandra,2023Q4,127
Chokkasandra,2024Q1,151
Chokkasandra,2024Q2,143
Chokkasandra,2024Q3,179
Chokkasandra,2024Q4,231
Chokkasandra,2025Q1,208
Chokkasandra,2025Q2,250
Chowdeshwari Ward,2020Q1,26
Chowdeshwari Ward,2020Q2,63
Chowdeshwari Ward,2020Q3,65
Chowdeshwari Ward,2020Q4,83
Chowdeshwari Ward,2021Q1,134
Chowdeshwari Ward,2021Q2,72
Chowdeshwari Ward,2021Q3,66
Chowdeshwari Ward,2021Q4,68
Chowdeshwari Ward,2022Q1,48
Chowdeshwari Ward,2022Q2,52
Chowdeshwari Ward,2022Q3,52
Chowdeshwari Ward,2022Q4,45
Chowdeshwari Ward,2023Q1,36
Chowdeshwari Ward,2023Q2,44
Chowdeshwari Ward,2023Q3,70
Chowdeshwari Ward,2023Q4,94
Chowdeshwari Ward,2024Q1,64
Chowdeshwari Ward,2024Q2,104
Chowdeshwari Ward,2024Q3,82
Chowdeshwari Ward,2024Q4,120
Chowdeshwari Ward,2025Q1,134
Chowdeshwari Ward,2025Q2,147
Cottonpet,2020Q1,29
Cottonpet,2020Q2,21
Cottonpet,2020Q3,33
Cottonpet,2020Q4,46
Cottonpet,2021Q1,69
Cottonpet,2021Q2,22
Cottonpet,2021Q3,68
Cottonpet,2021Q4,65
Cottonpet,2022Q1,62
Cottonpet,2022Q2,47
Cottonpet,2022Q3,60
Cottonpet,2022Q4,33
Cottonpet,2023Q1,32
Cottonpet,2023Q2,44
Cottonpet,2023Q3,77
Cottonpet,2023Q4,54
Cottonpet,2024Q1,47
Cottonpet,2024Q2,59
Cottonpet,2024Q3,82
Cottonpet,2024Q4,91
Cottonpet,2025Q1,76
Cottonpet,2025Q2,85
Dattathreya Temple,2020Q1,28
Dattathreya Temple,2020Q2,59
Dattathreya Temple,2020Q3,72
Dattathreya Temple,2020Q4,72
Dattathreya Temple,2021Q1,64
Dattathreya Temple,2021Q2,49
Dattathreya Temple,2021Q3,73
Dattathreya Temple,2021Q4,77
Dattathreya Temple,2022Q1,68
Dattathreya Temple,2022Q2,77
Dattathreya Temple,2022Q3,109
Dattathreya Temple,2022Q4,86
Dattathreya Temple,2023Q1,65
Dattathreya Temple,2023Q2,158
Dattathreya Temple,2023Q3,142
Dattathreya Temple,2023Q4,81
Dattathreya Temple,2024Q1,77
Dattathreya Temple,2024Q2,95
Dattathreya Temple,2024Q3,117
Dattathreya Temple,2024Q4,145
Dattathreya Temple,2025Q1,113
Dattathreya Temple,2025Q2,97
Dayananda Nagar,2020Q1,21
Dayananda Nagar,2020Q2,20
Dayananda Nagar,2020Q3,15
Dayananda Nagar,2020Q4,23
Dayananda Nagar,2021Q1,35
Dayananda Nagar,2021Q2,20
Dayananda Nagar,2021Q3,34
Dayananda Nagar,2021Q4,35
Dayananda Nagar,2022Q1,27
Dayananda Nagar,2022Q2,37
Dayananda Nagar,2022Q3,49
Dayananda Nagar,2022Q4,32
Dayananda Nagar,2023Q1,11
Dayananda Nagar,2023Q2,24
Dayananda Nagar,2023Q3,30
Dayananda Nagar,2023Q4,28
Dayananda Nagar,2024Q1,48
Dayananda Nagar,2024Q2,26
Dayananda Nagar,2024Q3,63
Dayananda Nagar,2024Q4,80
Dayananda Nagar,2025Q1,36
Dayananda Nagar,2025Q2,55
Deepanjali Nagar,2020Q1,42
Deepanjali Nagar,2020Q2,49
Deepanjali Nagar,2020Q3,57
Deepanjali Nagar,2020Q4,79
Deepanjali Nagar,2021Q1,72
Deepanjali Nagar,2021Q2,60
Deepanjali Nagar,2021Q3,72
Deepanjali Nagar,2021Q4,90
Deepanjali Nagar,2022Q1,87
Deepanjali Nagar,2022Q2,84
Deepanjali Nagar,2022Q3,94
Deepanjali Nagar,2022Q4,64
Deepanjali Nagar,2023Q1,62
Deepanjali Nagar,2023Q2,61
Deepanjali Nagar,2023Q3,77
Deepanjali Nagar,2023Q4,68
Deepanjali Nagar,2024Q1,71
Deepanjali Nagar,2024Q2,135
Deepanjali Nagar,2024Q3,162
Deepanjali Nagar,2024Q4,117
Deepanjali Nagar,2025Q1,130
Deepanjali Nagar,2025Q2,122
Devarajeevanahalli,2020Q1,12
Devarajeevanahalli,2020Q2,17
Devarajeevanahalli,2020Q3,28
Devarajeevanahalli,2020Q4,23
Devarajeevanahalli,2021Q1,22
Devarajeevanahalli,2021Q2,22
Devarajeevanahalli,2021Q3,23
Devarajeevanahalli,2021Q4,25
Devarajeevanahalli,2022Q1,19
Devarajeevanahalli,2022Q2,23
Devarajeevanahalli,2022Q3,38
Devarajeevanahalli,2022Q4,42
Devarajeevanahalli,2023Q1,34
Devarajeevanahalli,2023Q2,39
Devarajeevanahalli,2023Q3,37
Devarajeevanahalli,2023Q4,37
Devarajeevanahalli,2024Q1,43
Devarajeevanahalli,2024Q2,39
Devarajeevanahalli,2024Q3,79
Devarajeevanahalli,2024Q4,55
Devarajeevanahalli,2025Q1,47
Devarajeevanahalli,2025Q2,58
Devasandra,2020Q1,47
Devasandra,2020Q2,34
Devasandra,2020Q3,69
Devasandra,2020Q4,46
Devasandra,2021Q1,43
Devasandra,2021Q2,44
Devasandra,2021Q3,33
Devasandra,2021Q4,41
Devasandra,2022Q1,43
Devasandra,2022Q2,55
Devasandra,2022Q3,62
Devasandra,2022Q4,57
Devasandra,2023Q1,65
Devasandra,2023Q2,51
Devasandra,2023Q3,74
Devasandra,2023Q4,63
Devasandra,2024Q1,52
Devasandra,2024Q2,96
Devasandra,2024Q3,122
Devasandra,2024Q4,131
Devasandra,2025Q1,111
Devasandra,2025Q2,125
Dharmarayaswamy Temple Ward,2020Q1,64
Dharmarayaswamy Temple Ward,2020Q2,65
Dharmarayaswamy Temple Ward,2020Q3,75
Dharmarayaswamy Temple Ward,2020Q4,132
Dharmarayaswamy Temple Ward,2021Q1,95
Dharmarayaswamy Temple Ward,2021Q2,61
Dharmarayaswamy Temple Ward,2021Q3,101
Dharmarayaswamy Temple Ward,2021Q4,118
Dharmarayaswamy Temple Ward,2022Q1,102
Dharmarayaswamy Temple Ward,2022Q2,105
Dharmarayaswamy Temple Ward,2022Q3,124
Dharmarayaswamy Temple Ward,2022Q4,130
Dharmarayaswamy Temple Ward,2023Q1,89
Dharmarayaswamy Temple Ward,2023Q2,121
Dharmarayaswamy Temple Ward,2023Q3,130
Dharmarayaswamy Temple Ward,2023Q4,126
Dharmarayaswamy Temple Ward,2024Q1,112
Dharmarayaswamy Temple Ward,2024Q2,134
Dharmarayaswamy Temple Ward,2024Q3,300
Dharmarayaswamy Temple Ward,2024Q4,462
Dharmarayaswamy Temple Ward,2025Q1,197
Dharmarayaswamy Temple Ward,2025Q2,237
Dodda Bidarkallu,2020Q1,123
Dodda Bidarkallu,2020Q2,197
Dodda Bidarkallu,2020Q3,206
Dodda Bidarkallu,2020Q4,254
Dodda Bidarkallu,2021Q1,252
Dodda Bidarkallu,2021Q2,255
Dodda Bidarkallu,2021Q3,345
Dodda Bidarkallu,2021Q4,398
Dodda Bidarkallu,2022Q1,381
Dodda Bidarkallu,2022Q2,385
Dodda Bidarkallu,2022Q3,507
Dodda Bidarkallu,2022Q4,376
Dodda Bidarkallu,2023Q1,293
Dodda Bidarkallu,2023Q2,373
Dodda Bidarkallu,2023Q3,478
Dodda Bidarkallu,2023Q4,482
Dodda Bidarkallu,2024Q1,446
Dodda Bidarkallu,2024Q2,633
Dodda Bidarkallu,2024Q3,749
Dodda Bidarkallu,2024Q4,809
Dodda Bidarkallu,2025Q1,847
Dodda Bidarkallu,2025Q2,971
Doddabommasandra,2020Q1,38
Doddabommasandra,2020Q2,58
Doddabommasandra,2020Q3,58
Doddabommasandra,2020Q4,85
Doddabommasandra,2021Q1,57
Doddabommasandra,2021Q2,36
Doddabommasandra,2021Q3,76
Doddabommasandra,2021Q4,62
Doddabommasandra,2022Q1,62
Doddabommasandra,2022Q2,65
Doddabommasandra,2022Q3,65
Doddabommasandra,2022Q4,67
Doddabommasandra,2023Q1,58
Doddabommasandra,2023Q2,56
Doddabommasandra,2023Q3,125
Doddabommasandra,2023Q4,91
Doddabommasandra,2024Q1,115
Doddabommasandra,2024Q2,131
Doddabommasandra,2024Q3,159
Doddabommasandra,2024Q4,201
Doddabommasandra,2025Q1,178
Doddabommasandra,2025Q2,211
Doddanekkundi,2020Q1,226
Doddanekkundi,2020Q2,242
Doddanekkundi,2020Q3,248
Doddanekkundi,2020Q4,211
Doddanekkundi,2021Q1,177
Doddanekkundi,2021Q2,130
Doddanekkundi,2021Q3,213
Doddanekkundi,2021Q4,224
Doddanekkundi,2022Q1,149
Doddanekkundi,2022Q2,364
Doddanekkundi,2022Q3,406
Doddanekkundi,2022Q4,268
Doddanekkundi,2023Q1,202
Doddanekkundi,2023Q2,267
Doddanekkundi,2023Q3,386
Doddanekkundi,2023Q4,520
Doddanekkundi,2024Q1,1266
Doddanekkundi,2024Q2,558
Doddanekkundi,2024Q3,829
Doddanekkundi,2024Q4,567
Doddanekkundi,2025Q1,632
Doddanekkundi,2025Q2,882
Domlur,2020Q1,46
Domlur,2020Q2,48
Domlur,2020Q3,51
Domlur,2020Q4,77
Domlur,2021Q1,75
Domlur,2021Q2,41
Domlur,2021Q3,56
Domlur,2021Q4,65
Domlur,2022Q1,58
Domlur,2022Q2,91
Domlur,2022Q3,131
Domlur,2022Q4,67
Domlur,2023Q1,73
Domlur,2023Q2,106
Domlur,2023Q3,157
Domlur,2023Q4,143
Domlur,2024Q1,85
Domlur,2024Q2,164
Domlur,2024Q3,217
Domlur,2024Q4,205
Domlur,2025Q1,159
Domlur,2025Q2,202
Dr.Rajkumar Ward,2020Q1,26
Dr.Rajkumar Ward,2020Q2,34
Dr.Rajkumar Ward,2020Q3,63
Dr.Rajkumar Ward,2020Q4,50
Dr.Rajkumar Ward,2021Q1,40
Dr.Rajkumar Ward,2021Q2,54
Dr.Rajkumar Ward,2021Q3,55
Dr.Rajkumar Ward,2021Q4,45
Dr.Rajkumar Ward,2022Q1,59
Dr.Rajkumar Ward,2022Q2,69
Dr.Rajkumar Ward,2022Q3,84
Dr.Rajkumar Ward,2022Q4,82
Dr.Rajkumar Ward,2023Q1,26
Dr.Rajkumar Ward,2023Q2,53
Dr.Rajkumar Ward,2023Q3,61
Dr.Rajkumar Ward,2023Q4,45
Dr.Rajkumar Ward,2024Q1,55
Dr.Rajkumar Ward,2024Q2,108
Dr.Rajkumar Ward,2024Q3,107
Dr.Rajkumar Ward,2024Q4,121
Dr.Rajkumar Ward,2025Q1,122
Dr.Rajkumar Ward,2025Q2,175
Ejipura,2020Q1,64
Ejipura,2020Q2,96
Ejipura,2020Q3,109
Ejipura,2020Q4,111
Ejipura,2021Q1,102
Ejipura,2021Q2,84
Ejipura,2021Q3,125
Ejipura,2021Q4,78
Ejipura,2022Q1,90
Ejipura,2022Q2,123
Ejipura,2022Q3,169
Ejipura,2022Q4,140
Ejipura,2023Q1,87
Ejipura,2023Q2,88
Ejipura,2023Q3,156
Ejipura,2023Q4,145
Ejipura,2024Q1,122
Ejipura,2024Q2,157
Ejipura,2024Q3,240
Ejipura,2024Q4,219
Ejipura,2025Q1,154
Ejipura,2025Q2,194
Gali Anjaneya Swamy Temple Ward,2020Q1,20
Gali Anjaneya Swamy Temple Ward,2020Q2,29
Gali Anjaneya Swamy Temple Ward,2020Q3,41
Gali Anjaneya Swamy Temple Ward,2020Q4,53
Gali Anjaneya Swamy Temple Ward,2021Q1,39
Gali Anjaneya Swamy Temple Ward,2021Q2,39
Gali Anjaneya Swamy Temple Ward,2021Q3,20
Gali Anjaneya Swamy Temple Ward,2021Q4,48
Gali Anjaneya Swamy Temple Ward,2022Q1,54
Gali Anjaneya Swamy Temple Ward,2022Q2,46
Gali Anjaneya Swamy Temple Ward,2022Q3,60
Gali Anjaneya Swamy Temple Ward,2022Q4,56
Gali Anjaneya Swamy Temple Ward,2023Q1,38
Gali Anjaneya Swamy Temple Ward,2023Q2,69
Gali Anjaneya Swamy Temple Ward,2023Q3,116
Gali Anjaneya Swamy Temple Ward,2023Q4,103
Gali Anjaneya Swamy Temple Ward,2024Q1,76
Gali Anjaneya Swamy Temple Ward,2024Q2,122
Gali Anjaneya Swamy Temple Ward,2024Q3,178
Gali Anjaneya Swamy Temple Ward,2024Q4,116
Gali Anjaneya Swamy Temple Ward,2025Q1,88
Gali Anjaneya Swamy Temple Ward,2025Q2,108
Gandhi Nagar,2020Q1,51
Gandhi Nagar,2020Q2,90
Gandhi Nagar,2020Q3,102
Gandhi Nagar,2020Q4,103
Gandhi Nagar,2021Q1,103
Gandhi Nagar,2021Q2,69
Gandhi Nagar,2021Q3,101
Gandhi Nagar,2021Q4,87
Gandhi Nagar,2022Q1,120
Gandhi Nagar,2022Q2,131
Gandhi Nagar,2022Q3,214
Gandhi Nagar,2022Q4,169
Gandhi Nagar,2023Q1,114
Gandhi Nagar,2023Q2,163
Gandhi Nagar,2023Q3,204
Gandhi Nagar,2023Q4,161
Gandhi Nagar,2024Q1,142
Gandhi Nagar,2024Q2,136
Gandhi Nagar,2024Q3,249
Gandhi Nagar,2024Q4,243
Gandhi Nagar,2025Q1,215
Gandhi Nagar,2025Q2,215
Ganeshmandira Ward,2020Q1,60
Ganeshmandira Ward,2020Q2,100
Ganeshmandira Ward,2020Q3,98
Ganeshmandira Ward,2020Q4,115
Ganeshmandira Ward,2021Q1,95
Ganeshmandira Ward,2021Q2,105
Ganeshmandira Ward,2021Q3,121
Ganeshmandira Ward,2021Q4,134
Ganeshmandira Ward,2022Q1,110
Ganeshmandira Ward,2022Q2,133
Ganeshmandira Ward,2022Q3,156
Ganeshmandira Ward,2022Q4,165
Ganeshmandira Ward,2023Q1,64
Ganeshmandira Ward,2023Q2,94
Ganeshmandira Ward,2023Q3,117
Ganeshmandira Ward,2023Q4,99
Ganeshmandira Ward,2024Q1,158
Ganeshmandira Ward,2024Q2,237
Ganeshmandira Ward,2024Q3,232
Ganeshmandira Ward,2024Q4,186
Ganeshmandira Ward,2025Q1,221
Ganeshmandira Ward,2025Q2,275
Ganga Nagar,2020Q1,40
Ganga Nagar,2020Q2,35
Ganga Nagar,2020Q3,59
Ganga Nagar,2020Q4,54
Ganga Nagar,2021Q1,63
Ganga Nagar,2021Q2,53
Ganga Nagar,2021Q3,61
Ganga Nagar,2021Q4,72
Ganga Nagar,2022Q1,47
Ganga Nagar,2022Q2,67
Ganga Nagar,2022Q3,91
Ganga Nagar,2022Q4,69
Ganga Nagar,2023Q1,75
Ganga Nagar,2023Q2,98
Ganga Nagar,2023Q3,100
Ganga Nagar,2023Q4,106
Ganga Nagar,2024Q1,78
Ganga Nagar,2024Q2,87
Ganga Nagar,2024Q3,174
Ganga Nagar,2024Q4,160
Ganga Nagar,2025Q1,147
Ganga Nagar,2025Q2,195
Gangenahalli,2020Q1,18
Gangenahalli,2020Q2,31
Gangenahalli,2020Q3,46
Gangenahalli,2020Q4,40
Gangenahalli,2021Q1,47
Gangenahalli,2021Q2,28
Gangenahalli,2021Q3,26
Gangenahalli,2021Q4,35
Gangenahalli,2022Q1,31
Gangenahalli,2022Q2,35
Gangenahalli,2022Q3,58
Gangenahalli,2022Q4,67
Gangenahalli,2023Q1,56
Gangenahalli,2023Q2,71
Gangenahalli,2023Q3,85
Gangenahalli,2023Q4,70
Gangenahalli,2024Q1,53
Gangenahalli,2024Q2,83
Gangenahalli,2024Q3,73
Gangenahalli,2024Q4,63
Gangenahalli,2025Q1,75
Gangenahalli,2025Q2,78
Garudacharpalya,2020Q1,114
Garudacharpalya,2020Q2,87
Garudacharpalya,2020Q3,61
Garudacharpalya,2020Q4,37
Garudacharpalya,2021Q1,66
Garudacharpalya,2021Q2,42
Garudacharpalya,2021Q3,78
Garudacharpalya,2021Q4,72
Garudacharpalya,2022Q1,55
Garudacharpalya,2022Q2,76
Garudacharpalya,2022Q3,129
Garudacharpalya,2022Q4,97
Garudacharpalya,2023Q1,87
Garudacharpalya,2023Q2,112
Garudacharpalya,2023Q3,136
Garudacharpalya,2023Q4,123
Garudacharpalya,2024Q1,122
Garudacharpalya,2024Q2,234
Garudacharpalya,2024Q3,232
Garudacharpalya,2024Q4,224
Garudacharpalya,2025Q1,300
Garudacharpalya,2025Q2,309
Gayathri Nagar,2020Q1,43
Gayathri Nagar,2020Q2,42
Gayathri Nagar,2020Q3,86
Gayathri Nagar,2020Q4,182
Gayathri Nagar,2021Q1,56
Gayathri Nagar,2021Q2,41
Gayathri Nagar,2021Q3,44
Gayathri Nagar,2021Q4,60
Gayathri Nagar,2022Q1,42
Gayathri Nagar,2022Q2,84
Gayathri Nagar,2022Q3,53
Gayathri Nagar,2022Q4,46
Gayathri Nagar,2023Q1,33
Gayathri Nagar,2023Q2,44
Gayathri Nagar,2023Q3,53
Gayathri Nagar,2023Q4,68
Gayathri Nagar,2024Q1,48
Gayathri Nagar,2024Q2,82
Gayathri Nagar,2024Q3,104
Gayathri Nagar,2024Q4,103
Gayathri Nagar,2025Q1,72
Gayathri Nagar,2025Q2,157
Giri Nagar,2020Q1,102
Giri Nagar,2020Q2,159
Giri Nagar,2020Q3,160
Giri Nagar,2020Q4,163
Giri Nagar,2021Q1,182
Giri Nagar,2021Q2,185
Giri Nagar,2021Q3,194
Giri Nagar,2021Q4,201
Giri Nagar,2022Q1,209
Giri Nagar,2022Q2,244
Giri Nagar,2022Q3,259
Giri Nagar,2022Q4,256
Giri Nagar,2023Q1,240
Giri Nagar,2023Q2,210
Giri Nagar,2023Q3,216
Giri Nagar,2023Q4,238
Giri Nagar,2024Q1,221
Giri Nagar,2024Q2,443
Giri Nagar,2024Q3,418
Giri Nagar,2024Q4,451
Giri Nagar,2025Q1,474
Giri Nagar,2025Q2,577
Gottigere,2020Q1,194
Gottigere,2020Q2,249
Gottigere,2020Q3,262
Gottigere,2020Q4,258
Gottigere,2021Q1,320
Gottigere,2021Q2,194
Gottigere,2021Q3,353
Gottigere,2021Q4,309
Gottigere,2022Q1,306
Gottigere,2022Q2,387
Gottigere,2022Q3,404
Gottigere,2022Q4,281
Gottigere,2023Q1,245
Gottigere,2023Q2,296
Gottigere,2023Q3,388
Gottigere,2023Q4,367
Gottigere,2024Q1,418
Gottigere,2024Q2,772
Gottigere,2024Q3,814
Gottigere,2024Q4,789
Gottigere,2025Q1,923
Gottigere,2025Q2,943
Govindraja Nagara,2020Q1,37
Govindraja Nagara,2020Q2,74
Govindraja Nagara,2020Q3,71
Govindraja Nagara,2020Q4,63
Govindraja Nagara,2021Q1,52
Govindraja Nagara,2021Q2,61
Govindraja Nagara,2021Q3,65
Govindraja Nagara,2021Q4,55
Govindraja Nagara,2022Q1,102
Govindraja Nagara,2022Q2,75
Govindraja Nagara,2022Q3,73
Govindraja Nagara,2022Q4,82
Govindraja Nagara,2023Q1,42
Govindraja Nagara,2023Q2,56
Govindraja Nagara,2023Q3,71
Govindraja Nagara,2023Q4,39
Govindraja Nagara,2024Q1,51
Govindraja Nagara,2024Q2,136
Govindraja Nagara,2024Q3,131
Govindraja Nagara,2024Q4,85
Govindraja Nagara,2025Q1,107
Govindraja Nagara,2025Q2,124
Gurappanapalya,2020Q1,31
Gurappanapalya,2020Q2,36
Gurappanapalya,2020Q3,35
Gurappanapalya,2020Q4,47
Gurappanapalya,2021Q1,39
Gurappanapalya,2021Q2,28
Gurappanapalya,2021Q3,81
Gurappanapalya,2021Q4,45
Gurappanapalya,2022Q1,41
Gurappanapalya,2022Q2,79
Gurappanapalya,2022Q3,90
Gurappanapalya,2022Q4,97
Gurappanapalya,2023Q1,63
Gurappanapalya,2023Q2,72
Gurappanapalya,2023Q3,97
Gurappanapalya,2023Q4,73
Gurappanapalya,2024Q1,76
Gurappanapalya,2024Q2,108
Gurappanapalya,2024Q3,133
Gurappanapalya,2024Q4,130
Gurappanapalya,2025Q1,102
Gurappanapalya,2025Q2,139
H.M.T,2020Q1,41
H.M.T,2020Q2,66
H.M.T,2020Q3,71
H.M.T,2020Q4,82
H.M.T,2021Q1,76
H.M.T,2021Q2,47
H.M.T,2021Q3,68
H.M.T,2021Q4,57
H.M.T,2022Q1,105
H.M.T,2022Q2,114
H.M.T,2022Q3,101
H.M.T,2022Q4,101
H.M.T,2023Q1,52
H.M.T,2023Q2,56
H.M.T,2023Q3,69
H.M.T,2023Q4,84
H.M.T,2024Q1,70
H.M.T,2024Q2,99
H.M.T,2024Q3,174
H.M.T,2024Q4,140
H.M.T,2025Q1,142
H.M.T,2025Q2,204
HAL Airport,2020Q1,57
HAL Airport,2020Q2,52
HAL Airport,2020Q3,54
HAL Airport,2020Q4,56
HAL Airport,2021Q1,40
HAL Airport,2021Q2,34
HAL Airport,2021Q3,28
HAL Airport,2021Q4,48
HAL Airport,2022Q1,34
HAL Airport,2022Q2,29
HAL Airport,2022Q3,61
HAL Airport,2022Q4,44
HAL Airport,2023Q1,56
HAL Airport,2023Q2,55
HAL Airport,2023Q3,78
HAL Airport,2023Q4,52
HAL Airport,2024Q1,84
HAL Airport,2024Q2,88
HAL Airport,2024Q3,151
HAL Airport,2024Q4,89
HAL Airport,2025Q1,124
HAL Airport,2025Q2,198
HBR Layout,2020Q1,161
HBR Layout,2020Q2,203
HBR Layout,2020Q3,339
HBR Layout,2020Q4,321
HBR Layout,2021Q1,281
HBR Layout,2021Q2,329
HBR Layout,2021Q3,345
HBR Layout,2021Q4,359
HBR Layout,2022Q1,299
HBR Layout,2022Q2,320
HBR Layout,2022Q3,384
HBR Layout,2022Q4,282
HBR Layout,2023Q1,214
HBR Layout,2023Q2,260
HBR Layout,2023Q3,363
HBR Layout,2023Q4,481
HBR Layout,2024Q1,424
HBR Layout,2024Q2,440
HBR Layout,2024Q3,624
HBR Layout,2024Q4,619
HBR Layout,2025Q1,543
HBR Layout,2025Q2,693
HSR Layout,2020Q1,385
HSR Layout,2020Q2,478
HSR Layout,2020Q3,414
HSR Layout,2020Q4,404
HSR Layout,2021Q1,409
HSR Layout,2021Q2,292
HSR Layout,2021Q3,291
HSR Layout,2021Q4,348
HSR Layout,2022Q1,344
HSR Layout,2022Q2,449
HSR Layout,2022Q3,513
HSR Layout,2022Q4,362
HSR Layout,2023Q1,290
HSR Layout,2023Q2,333
HSR Layout,2023Q3,439
HSR Layout,2023Q4,370
HSR Layout,2024Q1,444
HSR Layout,2024Q2,683
HSR Layout,2024Q3,785
HSR Layout,2024Q4,495
HSR Layout,2025Q1,695
HSR Layout,2025Q2,827
Hagadooru,2020Q1,213
Hagadooru,2020Q2,119
Hagadooru,2020Q3,172
Hagadooru,2020Q4,169
Hagadooru,2021Q1,106
Hagadooru,2021Q2,80
Hagadooru,2021Q3,153
Hagadooru,2021Q4,205
Hagadooru,2022Q1,140
Hagadooru,2022Q2,269
Hagadooru,2022Q3,348
Hagadooru,2022Q4,213
Hagadooru,2023Q1,167
Hagadooru,2023Q2,167
Hagadooru,2023Q3,252
Hagadooru,2023Q4,265
Hagadooru,2024Q1,285
Hagadooru,2024Q2,376
Hagadooru,2024Q3,537
Hagadooru,2024Q4,602
Hagadooru,2025Q1,466
Hagadooru,2025Q2,779
Hampi Nagar,2020Q1,32
Hampi Nagar,2020Q2,72
Hampi Nagar,2020Q3,86
Hampi Nagar,2020Q4,112
Hampi Nagar,2021Q1,97
Hampi Nagar,2021Q2,87
Hampi Nagar,2021Q3,99
Hampi Nagar,2021Q4,137
Hampi Nagar,2022Q1,130
Hampi Nagar,2022Q2,102
Hampi Nagar,2022Q3,146
Hampi Nagar,2022Q4,121
Hampi Nagar,2023Q1,68
Hampi Nagar,2023Q2,103
Hampi Nagar,2023Q3,110
Hampi Nagar,2023Q4,110
Hampi Nagar,2024Q1,168
Hampi Nagar,2024Q2,214
Hampi Nagar,2024Q3,283
Hampi Nagar,2024Q4,309
Hampi Nagar,2025Q1,254
Hampi Nagar,2025Q2,344
Hanumantha Nagar,2020Q1,39
Hanumantha Nagar,2020Q2,89
Hanumantha Nagar,2020Q3,80
Hanumantha Nagar,2020Q4,107
Hanumantha Nagar,2021Q1,83
Hanumantha Nagar,2021Q2,75
Hanumantha Nagar,2021Q3,95
Hanumantha Nagar,2021Q4,95
Hanumantha Nagar,2022Q1,80
Hanumantha Nagar,2022Q2,79
Hanumantha Nagar,2022Q3,102
Hanumantha Nagar,2022Q4,67
Hanumantha Nagar,2023Q1,63
Hanumantha Nagar,2023Q2,56
Hanumantha Nagar,2023Q3,93
Hanumantha Nagar,2023Q4,94
Hanumantha Nagar,2024Q1,96
Hanumantha Nagar,2024Q2,115
Hanumantha Nagar,2024Q3,158
Hanumantha Nagar,2024Q4,165
Hanumantha Nagar,2025Q1,144
Hanumantha Nagar,2025Q2,144
Hebbal,2020Q1,63
Hebbal,2020Q2,98
Hebbal,2020Q3,122
Hebbal,2020Q4,158
Hebbal,2021Q1,60
Hebbal,2021Q2,77
Hebbal,2021Q3,91
Hebbal,2021Q4,93
Hebbal,2022Q1,86
Hebbal,2022Q2,110
Hebbal,2022Q3,138
Hebbal,2022Q4,112
Hebbal,2023Q1,92
Hebbal,2023Q2,74
Hebbal,2023Q3,160
Hebbal,2023Q4,133
Hebbal,2024Q1,189
Hebbal,2024Q2,237
Hebbal,2024Q3,308
Hebbal,2024Q4,323
Hebbal,2025Q1,255
Hebbal,2025Q2,284
Hegganahalli,2020Q1,27
Hegganahalli,2020Q2,47
Hegganahalli,2020Q3,41
Hegganahalli,2020Q4,44
Hegganahalli,2021Q1,70
Hegganahalli,2021Q2,53
Hegganahalli,2021Q3,63
Hegganahalli,2021Q4,82
Hegganahalli,2022Q1,79
Hegganahalli,2022Q2,77
Hegganahalli,2022Q3,124
Hegganahalli,2022Q4,78
Hegganahalli,2023Q1,96
Hegganahalli,2023Q2,94
Hegganahalli,2023Q3,133
Hegganahalli,2023Q4,111
Hegganahalli,2024Q1,84
Hegganahalli,2024Q2,131
Hegganahalli,2024Q3,175
Hegganahalli,2024Q4,241
Hegganahalli,2025Q1,202
Hegganahalli,2025Q2,234
Hemmigepura,2020Q1,245
Hemmigepura,2020Q2,300
Hemmigepura,2020Q3,390
Hemmigepura,2020Q4,370
Hemmigepura,2021Q1,400
Hemmigepura,2021Q2,351
Hemmigepura,2021Q3,542
Hemmigepura,2021Q4,471
Hemmigepura,2022Q1,468
Hemmigepura,2022Q2,558
Hemmigepura,2022Q3,680
Hemmigepura,2022Q4,705
Hemmigepura,2023Q1,477
Hemmigepura,2023Q2,563
Hemmigepura,2023Q3,838
Hemmigepura,2023Q4,683
Hemmigepura,2024Q1,641
Hemmigepura,2024Q2,946
Hemmigepura,2024Q3,1154
Hemmigepura,2024Q4,1199
Hemmigepura,2025Q1,1059
Hemmigepura,2025Q2,1356
Herohalli,2020Q1,99
Herohalli,2020Q2,247
Herohalli,2020Q3,210
Herohalli,2020Q4,211
Herohalli,2021Q1,222
Herohalli,2021Q2,240
Herohalli,2021Q3,305
Herohalli,2021Q4,345
Herohalli,2022Q1,272
Herohalli,2022Q2,326
Herohalli,2022Q3,361
Herohalli,2022Q4,313
Herohalli,2023Q1,215
Herohalli,2023Q2,350
Herohalli,2023Q3,395
Herohalli,2023Q4,363
Herohalli,2024Q1,346
Herohalli,2024Q2,497
Herohalli,2024Q3,543
Herohalli,2024Q4,637
Herohalli,2025Q1,664
Herohalli,2025Q2,782
Hombegowda Nagar,2020Q1,75
Hombegowda Nagar,2020Q2,74
Hombegowda Nagar,2020Q3,78
Hombegowda Nagar,2020Q4,104
Hombegowda Nagar,2021Q1,127
Hombegowda Nagar,2021Q2,98
Hombegowda Nagar,2021Q3,103
Hombegowda Nagar,2021Q4,94
Hombegowda Nagar,2022Q1,99
Hombegowda Nagar,2022Q2,95
Hombegowda Nagar,2022Q3,99
Hombegowda Nagar,2022Q4,142
Hombegowda Nagar,2023Q1,75
Hombegowda Nagar,2023Q2,103
Hombegowda Nagar,2023Q3,145
Hombegowda Nagar,2023Q4,152
Hombegowda Nagar,2024Q1,125
Hombegowda Nagar,2024Q2,182
Hombegowda Nagar,2024Q3,308
Hombegowda Nagar,2024Q4,346
Hombegowda Nagar,2025Q1,281
Hombegowda Nagar,2025Q2,263
Hongasandra,2020Q1,75
Hongasandra,2020Q2,76
Hongasandra,2020Q3,106
Hongasandra,2020Q4,96
Hongasandra,2021Q1,77
Hongasandra,2021Q2,90
Hongasandra,2021Q3,109
Hongasandra,2021Q4,119
Hongasandra,2022Q1,89
Hongasandra,2022Q2,150
Hongasandra,2022Q3,177
Hongasandra,2022Q4,116
Hongasandra,2023Q1,100
Hongasandra,2023Q2,94
Hongasandra,2023Q3,149
Hongasandra,2023Q4,120
Hongasandra,2024Q1,109
Hongasandra,2024Q2,199
Hongasandra,2024Q3,298
Hongasandra,2024Q4,190
Hongasandra,2025Q1,197
Hongasandra,2025Q2,205
Hoodi,2020Q1,231
Hoodi,2020Q2,254
Hoodi,2020Q3,308
Hoodi,2020Q4,340
Hoodi,2021Q1,222
Hoodi,2021Q2,227
Hoodi,2021Q3,284
Hoodi,2021Q4,326
Hoodi,2022Q1,282
Hoodi,2022Q2,350
Hoodi,2022Q3,531
Hoodi,2022Q4,483
Hoodi,2023Q1,324
Hoodi,2023Q2,365
Hoodi,2023Q3,613
Hoodi,2023Q4,542
Hoodi,2024Q1,532
Hoodi,2024Q2,673
Hoodi,2024Q3,931
Hoodi,2024Q4,854
Hoodi,2025Q1,985
Hoodi,2025Q2,971
Horamavu,2020Q1,419
Horamavu,2020Q2,481
Horamavu,2020Q3,974
Horamavu,2020Q4,927
Horamavu,2021Q1,507
Horamavu,2021Q2,447
Horamavu,2021Q3,620
Horamavu,2021Q4,564
Horamavu,2022Q1,424
Horamavu,2022Q2,641
Horamavu,2022Q3,724
Horamavu,2022Q4,565
Horamavu,2023Q1,505
Horamavu,2023Q2,610
Horamavu,2023Q3,806
Horamavu,2023Q4,746
Horamavu,2024Q1,763
Horamavu,2024Q2,947
Horamavu,2024Q3,1384
Horamavu,2024Q4,1255
Horamavu,2025Q1,1382
Horamavu,2025Q2,1746
Hosahalli,2020Q1,29
Hosahalli,2020Q2,54
Hosahalli,2020Q3,45
Hosahalli,2020Q4,81
Hosahalli,2021Q1,70
Hosahalli,2021Q2,82
Hosahalli,2021Q3,99
Hosahalli,2021Q4,93
Hosahalli,2022Q1,97
Hosahalli,2022Q2,122
Hosahalli,2022Q3,113
Hosahalli,2022Q4,67
Hosahalli,2023Q1,53
Hosahalli,2023Q2,74
Hosahalli,2023Q3,94
Hosahalli,2023Q4,83
Hosahalli,2024Q1,93
Hosahalli,2024Q2,144
Hosahalli,2024Q3,185
Hosahalli,2024Q4,203
Hosahalli,2025Q1,155
Hosahalli,2025Q2,163
Hosakerehalli,2020Q1,55
Hosakerehalli,2020Q2,93
Hosakerehalli,2020Q3,96
Hosakerehalli,2020Q4,175
Hosakerehalli,2021Q1,155
Hosakerehalli,2021Q2,116
Hosakerehalli,2021Q3,85
Hosakerehalli,2021Q4,87
Hosakerehalli,2022Q1,90
Hosakerehalli,2022Q2,109
Hosakerehalli,2022Q3,162
Hosakerehalli,2022Q4,195
Hosakerehalli,2023Q1,84
Hosakerehalli,2023Q2,102
Hosakerehalli,2023Q3,112
Hosakerehalli,2023Q4,99
Hosakerehalli,2024Q1,104
Hosakerehalli,2024Q2,144
Hosakerehalli,2024Q3,189
Hosakerehalli,2024Q4,173
Hosakerehalli,2025Q1,166
Hosakerehalli,2025Q2,175
Hoysala Nagar,2020Q1,131
Hoysala Nagar,2020Q2,132
Hoysala Nagar,2020Q3,128
Hoysala Nagar,2020Q4,207
Hoysala Nagar,2021Q1,156
Hoysala Nagar,2021Q2,162
Hoysala Nagar,2021Q3,159
Hoysala Nagar,2021Q4,224
Hoysala Nagar,2022Q1,183
Hoysala Nagar,2022Q2,179
Hoysala Nagar,2022Q3,230
Hoysala Nagar,2022Q4,160
Hoysala Nagar,2023Q1,141
Hoysala Nagar,2023Q2,130
Hoysala Nagar,2023Q3,236
Hoysala Nagar,2023Q4,225
Hoysala Nagar,2024Q1,243
Hoysala Nagar,2024Q2,547
Hoysala Nagar,2024Q3,396
Hoysala Nagar,2024Q4,399
Hoysala Nagar,2025Q1,344
Hoysala Nagar,2025Q2,472
J.P.Nagar,2020Q1,97
J.P.Nagar,2020Q2,157
J.P.Nagar,2020Q3,171
J.P.Nagar,2020Q4,152
J.P.Nagar,2021Q1,142
J.P.Nagar,2021Q2,108
J.P.Nagar,2021Q3,230
J.P.Nagar,2021Q4,193
J.P.Nagar,2022Q1,167
J.P.Nagar,2022Q2,262
J.P.Nagar,2022Q3,246
J.P.Nagar,2022Q4,192
J.P.Nagar,2023Q1,199
J.P.Nagar,2023Q2,210
J.P.Nagar,2023Q3,283
J.P.Nagar,2023Q4,251
J.P.Nagar,2024Q1,299
J.P.Nagar,2024Q2,534
J.P.Nagar,2024Q3,478
J.P.Nagar,2024Q4,518
J.P.Nagar,2025Q1,314
J.P.Nagar,2025Q2,423
J.P.Park,2020Q1,60
J.P.Park,2020Q2,109
J.P.Park,2020Q3,85
J.P.Park,2020Q4,104
J.P.Park,2021Q1,63
J.P.Park,2021Q2,77
J.P.Park,2021Q3,96
J.P.Park,2021Q4,111
J.P.Park,2022Q1,89
J.P.Park,2022Q2,58
J.P.Park,2022Q3,82
J.P.Park,2022Q4,55
J.P.Park,2023Q1,55
J.P.Park,2023Q2,60
J.P.Park,2023Q3,137
J.P.Park,2023Q4,86
J.P.Park,2024Q1,98
J.P.Park,2024Q2,112
J.P.Park,2024Q3,171
J.P.Park,2024Q4,137
J.P.Park,2025Q1,117
J.P.Park,2025Q2,157
Jagajeevanram Nagar,2020Q1,13
Jagajeevanram Nagar,2020Q2,8
Jagajeevanram Nagar,2020Q3,13
Jagajeevanram Nagar,2020Q4,27
Jagajeevanram Nagar,2021Q1,36
Jagajeevanram Nagar,2021Q2,39
Jagajeevanram Nagar,2021Q3,31
Jagajeevanram Nagar,2021Q4,18
Jagajeevanram Nagar,2022Q1,28
Jagajeevanram Nagar,2022Q2,16
Jagajeevanram Nagar,2022Q3,19
Jagajeevanram Nagar,2022Q4,17
Jagajeevanram Nagar,2023Q1,19
Jagajeevanram Nagar,2023Q2,19
Jagajeevanram Nagar,2023Q3,40
Jagajeevanram Nagar,2023Q4,41
Jagajeevanram Nagar,2024Q1,30
Jagajeevanram Nagar,2024Q2,51
Jagajeevanram Nagar,2024Q3,72
Jagajeevanram Nagar,2024Q4,166
Jagajeevanram Nagar,2025Q1,119
Jagajeevanram Nagar,2025Q2,171
Jakkasandra,2020Q1,41
Jakkasandra,2020Q2,44
Jakkasandra,2020Q3,33
Jakkasandra,2020Q4,44
Jakkasandra,2021Q1,40
Jakkasandra,2021Q2,31
Jakkasandra,2021Q3,53
Jakkasandra,2021Q4,44
Jakkasandra,2022Q1,33
Jakkasandra,2022Q2,54
Jakkasandra,2022Q3,65
Jakkasandra,2022Q4,61
Jakkasandra,2023Q1,42
Jakkasandra,2023Q2,72
Jakkasandra,2023Q3,110
Jakkasandra,2023Q4,50
Jakkasandra,2024Q1,97
Jakkasandra,2024Q2,116
Jakkasandra,2024Q3,167
Jakkasandra,2024Q4,113
Jakkasandra,2025Q1,112
Jakkasandra,2025Q2,122
Jakkur,2020Q1,151
Jakkur,2020Q2,226
Jakkur,2020Q3,271
Jakkur,2020Q4,444
Jakkur,2021Q1,470
Jakkur,2021Q2,414
Jakkur,2021Q3,400
Jakkur,2021Q4,374
Jakkur,2022Q1,317
Jakkur,2022Q2,423
Jakkur,2022Q3,403
Jakkur,2022Q4,345
Jakkur,2023Q1,352
Jakkur,2023Q2,391
Jakkur,2023Q3,672
Jakkur,2023Q4,661
Jakkur,2024Q1,637
Jakkur,2024Q2,859
Jakkur,2024Q3,1158
Jakkur,2024Q4,1324
Jakkur,2025Q1,1055
Jakkur,2025Q2,1353
Jalahalli,2020Q1,34
Jalahalli,2020Q2,69
Jalahalli,2020Q3,90
Jalahalli,2020Q4,140
Jalahalli,2021Q1,57
Jalahalli,2021Q2,49
Jalahalli,2021Q3,56
Jalahalli,2021Q4,43
Jalahalli,2022Q1,76
Jalahalli,2022Q2,118
Jalahalli,2022Q3,83
Jalahalli,2022Q4,80
Jalahalli,2023Q1,38
Jalahalli,2023Q2,52
Jalahalli,2023Q3,62
Jalahalli,2023Q4,64
Jalahalli,2024Q1,46
Jalahalli,2024Q2,91
Jalahalli,2024Q3,145
Jalahalli,2024Q4,131
Jalahalli,2025Q1,93
Jalahalli,2025Q2,141
Jaraganahalli,2020Q1,34
Jaraganahalli,2020Q2,42
Jaraganahalli,2020Q3,50
Jaraganahalli,2020Q4,46
Jaraganahalli,2021Q1,43
Jaraganahalli,2021Q2,52
Jaraganahalli,2021Q3,51
Jaraganahalli,2021Q4,41
Jaraganahalli,2022Q1,26
Jaraganahalli,2022Q2,57
Jaraganahalli,2022Q3,63
Jaraganahalli,2022Q4,64
Jaraganahalli,2023Q1,54
Jaraganahalli,2023Q2,63
Jaraganahalli,2023Q3,90
Jaraganahalli,2023Q4,65
Jaraganahalli,2024Q1,36
Jaraganahalli,2024Q2,147
Jaraganahalli,2024Q3,128
Jaraganahalli,2024Q4,115
Jaraganahalli,2025Q1,122
Jaraganahalli,2025Q2,156
Jayachamarajendra Nagar,2020Q1,37
Jayachamarajendra Nagar,2020Q2,50
Jayachamarajendra Nagar,2020Q3,90
Jayachamarajendra Nagar,2020Q4,64
Jayachamarajendra Nagar,2021Q1,60
Jayachamarajendra Nagar,2021Q2,63
Jayachamarajendra Nagar,2021Q3,76
Jayachamarajendra Nagar,2021Q4,63
Jayachamarajendra Nagar,2022Q1,70
Jayachamarajendra Nagar,2022Q2,78
Jayachamarajendra Nagar,2022Q3,89
Jayachamarajendra Nagar,2022Q4,95
Jayachamarajendra Nagar,2023Q1,61
Jayachamarajendra Nagar,2023Q2,108
Jayachamarajendra Nagar,2023Q3,134
Jayachamarajendra Nagar,2023Q4,137
Jayachamarajendra Nagar,2024Q1,98
Jayachamarajendra Nagar,2024Q2,152
Jayachamarajendra Nagar,2024Q3,158
Jayachamarajendra Nagar,2024Q4,153
Jayachamarajendra Nagar,2025Q1,131
Jayachamarajendra Nagar,2025Q2,154
Jayamahal,2020Q1,36
Jayamahal,2020Q2,27
Jayamahal,2020Q3,57
Jayamahal,2020Q4,61
Jayamahal,2021Q1,47
Jayamahal,2021Q2,43
Jayamahal,2021Q3,51
Jayamahal,2021Q4,41
Jayamahal,2022Q1,55
Jayamahal,2022Q2,49
Jayamahal,2022Q3,84
Jayamahal,2022Q4,59
Jayamahal,2023Q1,51
Jayamahal,2023Q2,52
Jayamahal,2023Q3,62
Jayamahal,2023Q4,49
Jayamahal,2024Q1,63
Jayamahal,2024Q2,72
Jayamahal,2024Q3,103
Jayamahal,2024Q4,52
Jayamahal,2025Q1,75
Jayamahal,2025Q2,110
Jayanagar East,2020Q1,27
Jayanagar East,2020Q2,73
Jayanagar East,2020Q3,88
Jayanagar East,2020Q4,71
Jayanagar East,2021Q1,55
Jayanagar East,2021Q2,67
Jayanagar East,2021Q3,167
Jayanagar East,2021Q4,50
Jayanagar East,2022Q1,83
Jayanagar East,2022Q2,101
Jayanagar East,2022Q3,100
Jayanagar East,2022Q4,80
Jayanagar East,2023Q1,79
Jayanagar East,2023Q2,100
Jayanagar East,2023Q3,136
Jayanagar East,2023Q4,100
Jayanagar East,2024Q1,97
Jayanagar East,2024Q2,178
Jayanagar East,2024Q3,211
Jayanagar East,2024Q4,210
Jayanagar East,2025Q1,201
Jayanagar East,2025Q2,243
Jayangar,2020Q1,74
Jayangar,2020Q2,91
Jayangar,2020Q3,108
Jayangar,2020Q4,139
Jayangar,2021Q1,91
Jayangar,2021Q2,99
Jayangar,2021Q3,112
Jayangar,2021Q4,116
Jayangar,2022Q1,160
Jayangar,2022Q2,146
Jayangar,2022Q3,170
Jayangar,2022Q4,189
Jayangar,2023Q1,194
Jayangar,2023Q2,209
Jayangar,2023Q3,292
Jayangar,2023Q4,276
Jayangar,2024Q1,276
Jayangar,2024Q2,285
Jayangar,2024Q3,454
Jayangar,2024Q4,416
Jayangar,2025Q1,335
Jayangar,2025Q2,454
Jeevanbhima Nagar,2020Q1,125
Jeevanbhima Nagar,2020Q2,114
Jeevanbhima Nagar,2020Q3,137
Jeevanbhima Nagar,2020Q4,165
Jeevanbhima Nagar,2021Q1,176
Jeevanbhima Nagar,2021Q2,96
Jeevanbhima Nagar,2021Q3,131
Jeevanbhima Nagar,2021Q4,167
Jeevanbhima Nagar,2022Q1,171
Jeevanbhima Nagar,2022Q2,164
Jeevanbhima Nagar,2022Q3,197
Jeevanbhima Nagar,2022Q4,139
Jeevanbhima Nagar,2023Q1,125
Jeevanbhima Nagar,2023Q2,184
Jeevanbhima Nagar,2023Q3,196
Jeevanbhima Nagar,2023Q4,176
Jeevanbhima Nagar,2024Q1,218
Jeevanbhima Nagar,2024Q2,265
Jeevanbhima Nagar,2024Q3,344
Jeevanbhima Nagar,2024Q4,290
Jeevanbhima Nagar,2025Q1,214
Jeevanbhima Nagar,2025Q2,267
Jnanabharathi Ward,2020Q1,270
Jnanabharathi Ward,2020Q2,477
Jnanabharathi Ward,2020Q3,569
Jnanabharathi Ward,2020Q4,904
Jnanabharathi Ward,2021Q1,719
Jnanabharathi Ward,2021Q2,653
Jnanabharathi Ward,2021Q3,678
Jnanabharathi Ward,2021Q4,774
Jnanabharathi Ward,2022Q1,592
Jnanabharathi Ward,2022Q2,735
Jnanabharathi Ward,2022Q3,789
Jnanabharathi Ward,2022Q4,684
Jnanabharathi Ward,2023Q1,519
Jnanabharathi Ward,2023Q2,628
Jnanabharathi Ward,2023Q3,813
Jnanabharathi Ward,2023Q4,690
Jnanabharathi Ward,2024Q1,773
Jnanabharathi Ward,2024Q2,1415
Jnanabharathi Ward,2024Q3,1350
Jnanabharathi Ward,2024Q4,1449
Jnanabharathi Ward,2025Q1,1432
Jnanabharathi Ward,2025Q2,1410
Jogupalya,2020Q1,57
Jogupalya,2020Q2,50
Jogupalya,2020Q3,65
Jogupalya,2020Q4,64
Jogupalya,2021Q1,56
Jogupalya,2021Q2,50
Jogupalya,2021Q3,54
Jogupalya,2021Q4,100
Jogupalya,2022Q1,52
Jogupalya,2022Q2,61
Jogupalya,2022Q3,85
Jogupalya,2022Q4,53
Jogupalya,2023Q1,42
Jogupalya,2023Q2,75
Jogupalya,2023Q3,103
Jogupalya,2023Q4,108
Jogupalya,2024Q1,134
Jogupalya,2024Q2,205
Jogupalya,2024Q3,243
Jogupalya,2024Q4,229
Jogupalya,2025Q1,182
Jogupalya,2025Q2,295
K.R.Market,2020Q1,22
K.R.Market,2020Q2,21
K.R.Market,2020Q3,29
K.R.Market,2020Q4,55
K.R.Market,2021Q1,38
K.R.Market,2021Q2,21
K.R.Market,2021Q3,49
K.R.Market,2021Q4,43
K.R.Market,2022Q1,39
K.R.Market,2022Q2,36
K.R.Market,2022Q3,67
K.R.Market,2022Q4,53
K.R.Market,2023Q1,21
K.R.Market,2023Q2,63
K.R.Market,2023Q3,72
K.R.Market,2023Q4,57
K.R.Market,2024Q1,29
K.R.Market,2024Q2,69
K.R.Market,2024Q3,78
K.R.Market,2024Q4,133
K.R.Market,2025Q1,148
K.R.Market,2025Q2,139
K.R.Puram,2020Q1,190
K.R.Puram,2020Q2,156
K.R.Puram,2020Q3,171
K.R.Puram,2020Q4,255
K.R.Puram,2021Q1,236
K.R.Puram,2021Q2,243
K.R.Puram,2021Q3,180
K.R.Puram,2021Q4,204
K.R.Puram,2022Q1,128
K.R.Puram,2022Q2,237
K.R.Puram,2022Q3,217
K.R.Puram,2022Q4,203
K.R.Puram,2023Q1,157
K.R.Puram,2023Q2,132
K.R.Puram,2023Q3,173
K.R.Puram,2023Q4,187
K.R.Puram,2024Q1,221
K.R.Puram,2024Q2,285
K.R.Puram,2024Q3,468
K.R.Puram,2024Q4,486
K.R.Puram,2025Q1,433
K.R.Puram,2025Q2,489
Kacharakanahalli,2020Q1,50
Kacharakanahalli,2020Q2,73
Kacharakanahalli,2020Q3,102
Kacharakanahalli,2020Q4,162
Kacharakanahalli,2021Q1,58
Kacharakanahalli,2021Q2,42
Kacharakanahalli,2021Q3,72
Kacharakanahalli,2021Q4,60
Kacharakanahalli,2022Q1,51
Kacharakanahalli,2022Q2,68
Kacharakanahalli,2022Q3,96
Kacharakanahalli,2022Q4,77
Kacharakanahalli,2023Q1,71
Kacharakanahalli,2023Q2,123
Kacharakanahalli,2023Q3,163
Kacharakanahalli,2023Q4,118
Kacharakanahalli,2024Q1,96
Kacharakanahalli,2024Q2,189
Kacharakanahalli,2024Q3,261
Kacharakanahalli,2024Q4,268
Kacharakanahalli,2025Q1,173
Kacharakanahalli,2025Q2,331
Kadugodi,2020Q1,187
Kadugodi,2020Q2,125
Kadugodi,2020Q3,149
Kadugodi,2020Q4,94
Kadugodi,2021Q1,82
Kadugodi,2021Q2,86
Kadugodi,2021Q3,129
Kadugodi,2021Q4,127
Kadugodi,2022Q1,138
Kadugodi,2022Q2,132
Kadugodi,2022Q3,233
Kadugodi,2022Q4,207
Kadugodi,2023Q1,120
Kadugodi,2023Q2,160
Kadugodi,2023Q3,202
Kadugodi,2023Q4,231
Kadugodi,2024Q1,161
Kadugodi,2024Q2,275
Kadugodi,2024Q3,423
Kadugodi,2024Q4,390
Kadugodi,2025Q1,367
Kadugodi,2025Q2,466
Kadugondanahalli,2020Q1,14
Kadugondanahalli,2020Q2,58
Kadugondanahalli,2020Q3,68
Kadugondanahalli,2020Q4,86
Kadugondanahalli,2021Q1,50
Kadugondanahalli,2021Q2,55
Kadugondanahalli,2021Q3,76
Kadugondanahalli,2021Q4,56
Kadugondanahalli,2022Q1,42
Kadugondanahalli,2022Q2,55
Kadugondanahalli,2022Q3,72
Kadugondanahalli,2022Q4,54
Kadugondanahalli,2023Q1,44
Kadugondanahalli,2023Q2,58
Kadugondanahalli,2023Q3,66
Kadugondanahalli,2023Q4,75
Kadugondanahalli,2024Q1,87
Kadugondanahalli,2024Q2,156
Kadugondanahalli,2024Q3,141
Kadugondanahalli,2024Q4,203
Kadugondanahalli,2025Q1,186
Kadugondanahalli,2025Q2,349
Kamakshipalya,2020Q1,32
Kamakshipalya,2020Q2,44
Kamakshipalya,2020Q3,27
Kamakshipalya,2020Q4,35
Kamakshipalya,2021Q1,47
Kamakshipalya,2021Q2,50
Kamakshipalya,2021Q3,53
Kamakshipalya,2021Q4,45
Kamakshipalya,2022Q1,68
Kamakshipalya,2022Q2,69
Kamakshipalya,2022Q3,54
Kamakshipalya,2022Q4,53
Kamakshipalya,2023Q1,33
Kamakshipalya,2023Q2,58
Kamakshipalya,2023Q3,66
Kamakshipalya,2023Q4,47
Kamakshipalya,2024Q1,56
Kamakshipalya,2024Q2,151
Kamakshipalya,2024Q3,124
Kamakshipalya,2024Q4,100
Kamakshipalya,2025Q1,86
Kamakshipalya,2025Q2,115
Kammanahalli,2020Q1,27
Kammanahalli,2020Q2,52
Kammanahalli,2020Q3,77
Kammanahalli,2020Q4,87
Kammanahalli,2021Q1,63
Kammanahalli,2021Q2,75
Kammanahalli,2021Q3,53
Kammanahalli,2021Q4,82
Kammanahalli,2022Q1,76
Kammanahalli,2022Q2,73
Kammanahalli,2022Q3,71
Kammanahalli,2022Q4,66
Kammanahalli,2023Q1,50
Kammanahalli,2023Q2,49
Kammanahalli,2023Q3,122
Kammanahalli,2023Q4,118
Kammanahalli,2024Q1,115
Kammanahalli,2024Q2,122
Kammanahalli,2024Q3,182
Kammanahalli,2024Q4,161
Kammanahalli,2025Q1,173
Kammanahalli,2025Q2,258
Karisandra,2020Q1,25
Karisandra,2020Q2,35
Karisandra,2020Q3,54
Karisandra,2020Q4,48
Karisandra,2021Q1,37
Karisandra,2021Q2,31
Karisandra,2021Q3,36
Karisandra,2021Q4,44
Karisandra,2022Q1,45
Karisandra,2022Q2,59
Karisandra,2022Q3,68
Karisandra,2022Q4,53
Karisandra,2023Q1,42
Karisandra,2023Q2,46
Karisandra,2023Q3,57
Karisandra,2023Q4,61
Karisandra,2024Q1,75
Karisandra,2024Q2,104
Karisandra,2024Q3,114
Karisandra,2024Q4,92
Karisandra,2025Q1,104
Karisandra,2025Q2,92
Katriguppe,2020Q1,63
Katriguppe,2020Q2,78
Katriguppe,2020Q3,100
Katriguppe,2020Q4,107
Katriguppe,2021Q1,104
Katriguppe,2021Q2,118
Katriguppe,2021Q3,141
Katriguppe,2021Q4,146
Katriguppe,2022Q1,113
Katriguppe,2022Q2,102
Katriguppe,2022Q3,124
Katriguppe,2022Q4,120
Katriguppe,2023Q1,121
Katriguppe,2023Q2,89
Katriguppe,2023Q3,196
Katriguppe,2023Q4,127
Katriguppe,2024Q1,120
Katriguppe,2024Q2,182
Katriguppe,2024Q3,196
Katriguppe,2024Q4,252
Katriguppe,2025Q1,347
Katriguppe,2025Q2,257
Kavalbyrasandra,2020Q1,169
Kavalbyrasandra,2020Q2,169
Kavalbyrasandra,2020Q3,281
Kavalbyrasandra,2020Q4,215
Kavalbyrasandra,2021Q1,223
Kavalbyrasandra,2021Q2,174
Kavalbyrasandra,2021Q3,241
Kavalbyrasandra,2021Q4,225
Kavalbyrasandra,2022Q1,200
Kavalbyrasandra,2022Q2,248
Kavalbyrasandra,2022Q3,218
Kavalbyrasandra,2022Q4,267
Kavalbyrasandra,2023Q1,234
Kavalbyrasandra,2023Q2,250
Kavalbyrasandra,2023Q3,383
Kavalbyrasandra,2023Q4,380
Kavalbyrasandra,2024Q1,509
Kavalbyrasandra,2024Q2,689
Kavalbyrasandra,2024Q3,784
Kavalbyrasandra,2024Q4,931
Kavalbyrasandra,2025Q1,474
Kavalbyrasandra,2025Q2,553
Kaveripura,2020Q1,35
Kaveripura,2020Q2,50
Kaveripura,2020Q3,56
Kaveripura,2020Q4,57
Kaveripura,2021Q1,57
Kaveripura,2021Q2,46
Kaveripura,2021Q3,89
Kaveripura,2021Q4,65
Kaveripura,2022Q1,75
Kaveripura,2022Q2,47
Kaveripura,2022Q3,28
Kaveripura,2022Q4,38
Kaveripura,2023Q1,25
Kaveripura,2023Q2,33
Kaveripura,2023Q3,60
Kaveripura,2023Q4,45
Kaveripura,2024Q1,33
Kaveripura,2024Q2,85
Kaveripura,2024Q3,109
Kaveripura,2024Q4,119
Kaveripura,2025Q1,101
Kaveripura,2025Q2,112
Kempapura Agrahara,2020Q1,10
Kempapura Agrahara,2020Q2,16
Kempapura Agrahara,2020Q3,21
Kempapura Agrahara,2020Q4,22
Kempapura Agrahara,2021Q1,12
Kempapura Agrahara,2021Q2,32
Kempapura Agrahara,2021Q3,21
Kempapura Agrahara,2021Q4,21
Kempapura Agrahara,2022Q1,10
Kempapura Agrahara,2022Q2,30
Kempapura Agrahara,2022Q3,36
Kempapura Agrahara,2022Q4,35
Kempapura Agrahara,2023Q1,34
Kempapura Agrahara,2023Q2,27
Kempapura Agrahara,2023Q3,41
Kempapura Agrahara,2023Q4,34
Kempapura Agrahara,2024Q1,50
Kempapura Agrahara,2024Q2,60
Kempapura Agrahara,2024Q3,95
Kempapura Agrahara,2024Q4,111
Kempapura Agrahara,2025Q1,101
Kempapura Agrahara,2025Q2,84
Kempegowda Ward,2020Q1,78
Kempegowda Ward,2020Q2,73
Kempegowda Ward,2020Q3,137
Kempegowda Ward,2020Q4,140
Kempegowda Ward,2021Q1,162
Kempegowda Ward,2021Q2,107
Kempegowda Ward,2021Q3,171
Kempegowda Ward,2021Q4,127
Kempegowda Ward,2022Q1,123
Kempegowda Ward,2022Q2,116
Kempegowda Ward,2022Q3,147
Kempegowda Ward,2022Q4,128
Kempegowda Ward,2023Q1,107
Kempegowda Ward,2023Q2,147
Kempegowda Ward,2023Q3,155
Kempegowda Ward,2023Q4,168
Kempegowda Ward,2024Q1,193
Kempegowda Ward,2024Q2,218
Kempegowda Ward,2024Q3,293
Kempegowda Ward,2024Q4,336
Kempegowda Ward,2025Q1,333
Kempegowda Ward,2025Q2,401
Kengeri,2020Q1,80
Kengeri,2020Q2,108
Kengeri,2020Q3,86
Kengeri,2020Q4,126
Kengeri,2021Q1,181
Kengeri,2021Q2,165
Kengeri,2021Q3,183
Kengeri,2021Q4,201
Kengeri,2022Q1,141
Kengeri,2022Q2,293
Kengeri,2022Q3,286
Kengeri,2022Q4,172
Kengeri,2023Q1,221
Kengeri,2023Q2,226
Kengeri,2023Q3,250
Kengeri,2023Q4,261
Kengeri,2024Q1,253
Kengeri,2024Q2,348
Kengeri,2024Q3,396
Kengeri,2024Q4,448
Kengeri,2025Q1,458
Kengeri,2025Q2,570
Kodigehalli,2020Q1,111
Kodigehalli,2020Q2,137
Kodigehalli,2020Q3,165
Kodigehalli,2020Q4,141
Kodigehalli,2021Q1,185
Kodigehalli,2021Q2,145
Kodigehalli,2021Q3,207
Kodigehalli,2021Q4,230
Kodigehalli,2022Q1,180
Kodigehalli,2022Q2,207
Kodigehalli,2022Q3,263
Kodigehalli,2022Q4,237
Kodigehalli,2023Q1,182
Kodigehalli,2023Q2,244
Kodigehalli,2023Q3,341
Kodigehalli,2023Q4,301
Kodigehalli,2024Q1,307
Kodigehalli,2024Q2,453
Kodigehalli,2024Q3,605
Kodigehalli,2024Q4,680
Kodigehalli,2025Q1,579
Kodigehalli,2025Q2,611
Konanakunte,2020Q1,203
Konanakunte,2020Q2,234
Konanakunte,2020Q3,192
Konanakunte,2020Q4,259
Konanakunte,2021Q1,209
Konanakunte,2021Q2,174
Konanakunte,2021Q3,184
Konanakunte,2021Q4,231
Konanakunte,2022Q1,224
Konanakunte,2022Q2,268
Konanakunte,2022Q3,257
Konanakunte,2022Q4,257
Konanakunte,2023Q1,232
Konanakunte,2023Q2,238
Konanakunte,2023Q3,314
Konanakunte,2023Q4,255
Konanakunte,2024Q1,305
Konanakunte,2024Q2,436
Konanakunte,2024Q3,521
Konanakunte,2024Q4,369
Konanakunte,2025Q1,518
Konanakunte,2025Q2,529
Konena Agrahara,2020Q1,78
Konena Agrahara,2020Q2,67
Konena Agrahara,2020Q3,94
Konena Agrahara,2020Q4,94
Konena Agrahara,2021Q1,68
Konena Agrahara,2021Q2,70
Konena Agrahara,2021Q3,54
Konena Agrahara,2021Q4,97
Konena Agrahara,2022Q1,79
Konena Agrahara,2022Q2,93
Konena Agrahara,2022Q3,160
Konena Agrahara,2022Q4,111
Konena Agrahara,2023Q1,83
Konena Agrahara,2023Q2,123
Konena Agrahara,2023Q3,189
Konena Agrahara,2023Q4,130
Konena Agrahara,2024Q1,167
Konena Agrahara,2024Q2,234
Konena Agrahara,2024Q3,329
Konena Agrahara,2024Q4,171
Konena Agrahara,2025Q1,161
Konena Agrahara,2025Q2,203
Koramangala,2020Q1,138
Koramangala,2020Q2,165
Koramangala,2020Q3,175
Koramangala,2020Q4,174
Koramangala,2021Q1,142
Koramangala,2021Q2,114
Koramangala,2021Q3,193
Koramangala,2021Q4,160
Koramangala,2022Q1,157
Koramangala,2022Q2,186
Koramangala,2022Q3,225
Koramangala,2022Q4,206
Koramangala,2023Q1,116
Koramangala,2023Q2,176
Koramangala,2023Q3,214
Koramangala,2023Q4,182
Koramangala,2024Q1,197
Koramangala,2024Q2,337
Koramangala,2024Q3,492
Koramangala,2024Q4,343
Koramangala,2025Q1,244
Koramangala,2025Q2,323
Kottigepalya,2020Q1,163
Kottigepalya,2020Q2,215
Kottigepalya,2020Q3,288
Kottigepalya,2020Q4,427
Kottigepalya,2021Q1,288
Kottigepalya,2021Q2,236
Kottigepalya,2021Q3,325
Kottigepalya,2021Q4,298
Kottigepalya,2022Q1,284
Kottigepalya,2022Q2,333
Kottigepalya,2022Q3,346
Kottigepalya,2022Q4,352
Kottigepalya,2023Q1,252
Kottigepalya,2023Q2,288
Kottigepalya,2023Q3,378
Kottigepalya,2023Q4,329
Kottigepalya,2024Q1,363
Kottigepalya,2024Q2,590
Kottigepalya,2024Q3,585
Kottigepalya,2024Q4,593
Kottigepalya,2025Q1,640
Kottigepalya,2025Q2,872
Kumaraswamy Layout,2020Q1,87
Kumaraswamy Layout,2020Q2,141
Kumaraswamy Layout,2020Q3,140
Kumaraswamy Layout,2020Q4,165
Kumaraswamy Layout,2021Q1,159
Kumaraswamy Layout,2021Q2,118
Kumaraswamy Layout,2021Q3,163
Kumaraswamy Layout,2021Q4,150
Kumaraswamy Layout,2022Q1,234
Kumaraswamy Layout,2022Q2,189
Kumaraswamy Layout,2022Q3,241
Kumaraswamy Layout,2022Q4,211
Kumaraswamy Layout,2023Q1,168
Kumaraswamy Layout,2023Q2,192
Kumaraswamy Layout,2023Q3,263
Kumaraswamy Layout,2023Q4,328
Kumaraswamy Layout,2024Q1,281
Kumaraswamy Layout,2024Q2,416
Kumaraswamy Layout,2024Q3,470
Kumaraswamy Layout,2024Q4,553
Kumaraswamy Layout,2025Q1,416
Kumaraswamy Layout,2025Q2,483
Kushal Nagar,2020Q1,15
Kushal Nagar,2020Q2,17
Kushal Nagar,2020Q3,42
Kushal Nagar,2020Q4,33
Kushal Nagar,2021Q1,40
Kushal Nagar,2021Q2,29
Kushal Nagar,2021Q3,42
Kushal Nagar,2021Q4,26
Kushal Nagar,2022Q1,33
Kushal Nagar,2022Q2,31
Kushal Nagar,2022Q3,52
Kushal Nagar,2022Q4,43
Kushal Nagar,2023Q1,32
Kushal Nagar,2023Q2,39
Kushal Nagar,2023Q3,70
Kushal Nagar,2023Q4,42
Kushal Nagar,2024Q1,57
Kushal Nagar,2024Q2,59
Kushal Nagar,2024Q3,105
Kushal Nagar,2024Q4,117
Kushal Nagar,2025Q1,89
Kushal Nagar,2025Q2,141
Kuvempu Nagar,2020Q1,73
Kuvempu Nagar,2020Q2,123
Kuvempu Nagar,2020Q3,153
Kuvempu Nagar,2020Q4,144
Kuvempu Nagar,2021Q1,137
Kuvempu Nagar,2021Q2,97
Kuvempu Nagar,2021Q3,141
Kuvempu Nagar,2021Q4,157
Kuvempu Nagar,2022Q1,152
Kuvempu Nagar,2022Q2,163
Kuvempu Nagar,2022Q3,179
Kuvempu Nagar,2022Q4,157
Kuvempu Nagar,2023Q1,116
Kuvempu Nagar,2023Q2,136
Kuvempu Nagar,2023Q3,236
Kuvempu Nagar,2023Q4,221
Kuvempu Nagar,2024Q1,281
Kuvempu Nagar,2024Q2,393
Kuvempu Nagar,2024Q3,450
Kuvempu Nagar,2024Q4,480
Kuvempu Nagar,2025Q1,488
Kuvempu Nagar,2025Q2,535
Laggere,2020Q1,60
Laggere,2020Q2,98
Laggere,2020Q3,114
Laggere,2020Q4,110
Laggere,2021Q1,108
Laggere,2021Q2,80
Laggere,2021Q3,115
Laggere,2021Q4,108
Laggere,2022Q1,130
Laggere,2022Q2,189
Laggere,2022Q3,118
Laggere,2022Q4,90
Laggere,2023Q1,89
Laggere,2023Q2,104
Laggere,2023Q3,135
Laggere,2023Q4,106
Laggere,2024Q1,109
Laggere,2024Q2,174
Laggere,2024Q3,221
Laggere,2024Q4,219
Laggere,2025Q1,251
Laggere,2025Q2,274
Lakkasandra,2020Q1,21
Lakkasandra,2020Q2,20
Lakkasandra,2020Q3,36
Lakkasandra,2020Q4,29
Lakkasandra,2021Q1,32
Lakkasandra,2021Q2,46
Lakkasandra,2021Q3,27
Lakkasandra,2021Q4,20
Lakkasandra,2022Q1,35
Lakkasandra,2022Q2,44
Lakkasandra,2022Q3,24
Lakkasandra,2022Q4,50
Lakkasandra,2023Q1,30
Lakkasandra,2023Q2,32
Lakkasandra,2023Q3,61
Lakkasandra,2023Q4,46
Lakkasandra,2024Q1,74
Lakkasandra,2024Q2,79
Lakkasandra,2024Q3,123
Lakkasandra,2024Q4,99
Lakkasandra,2025Q1,96
Lakkasandra,2025Q2,126
Lakshmidevi Nagar,2020Q1,19
Lakshmidevi Nagar,2020Q2,25
Lakshmidevi Nagar,2020Q3,20
Lakshmidevi Nagar,2020Q4,26
Lakshmidevi Nagar,2021Q1,15
Lakshmidevi Nagar,2021Q2,11
Lakshmidevi Nagar,2021Q3,29
Lakshmidevi Nagar,2021Q4,17
Lakshmidevi Nagar,2022Q1,23
Lakshmidevi Nagar,2022Q2,23
Lakshmidevi Nagar,2022Q3,22
Lakshmidevi Nagar,2022Q4,32
Lakshmidevi Nagar,2023Q1,18
Lakshmidevi Nagar,2023Q2,19
Lakshmidevi Nagar,2023Q3,41
Lakshmidevi Nagar,2023Q4,32
Lakshmidevi Nagar,2024Q1,32
Lakshmidevi Nagar,2024Q2,51
Lakshmidevi Nagar,2024Q3,49
Lakshmidevi Nagar,2024Q4,44
Lakshmidevi Nagar,2025Q1,55
Lakshmidevi Nagar,2025Q2,58
Lingarajapuram,2020Q1,30
Lingarajapuram,2020Q2,50
Lingarajapuram,2020Q3,52
Lingarajapuram,2020Q4,84
Lingarajapuram,2021Q1,65
Lingarajapuram,2021Q2,76
Lingarajapuram,2021Q3,56
Lingarajapuram,2021Q4,74
Lingarajapuram,2022Q1,59
Lingarajapuram,2022Q2,62
Lingarajapuram,2022Q3,83
Lingarajapuram,2022Q4,76
Lingarajapuram,2023Q1,59
Lingarajapuram,2023Q2,70
Lingarajapuram,2023Q3,73
Lingarajapuram,2023Q4,83
Lingarajapuram,2024Q1,70
Lingarajapuram,2024Q2,88
Lingarajapuram,2024Q3,143
Lingarajapuram,2024Q4,164
Lingarajapuram,2025Q1,128
Lingarajapuram,2025Q2,166
Madiwala,2020Q1,91
Madiwala,2020Q2,99
Madiwala,2020Q3,100
Madiwala,2020Q4,82
Madiwala,2021Q1,76
Madiwala,2021Q2,121
Madiwala,2021Q3,118
Madiwala,2021Q4,117
Madiwala,2022Q1,68
Madiwala,2022Q2,105
Madiwala,2022Q3,132
Madiwala,2022Q4,100
Madiwala,2023Q1,91
Madiwala,2023Q2,81
Madiwala,2023Q3,118
Madiwala,2023Q4,103
Madiwala,2024Q1,113
Madiwala,2024Q2,184
Madiwala,2024Q3,253
Madiwala,2024Q4,232
Madiwala,2025Q1,175
Madiwala,2025Q2,256
Mahalakshmipuram,2020Q1,43
Mahalakshmipuram,2020Q2,97
Mahalakshmipuram,2020Q3,114
Mahalakshmipuram,2020Q4,111
Mahalakshmipuram,2021Q1,76
Mahalakshmipuram,2021Q2,81
Mahalakshmipuram,2021Q3,100
Mahalakshmipuram,2021Q4,86
Mahalakshmipuram,2022Q1,58
Mahalakshmipuram,2022Q2,59
Mahalakshmipuram,2022Q3,75
Mahalakshmipuram,2022Q4,76
Mahalakshmipuram,2023Q1,53
Mahalakshmipuram,2023Q2,79
Mahalakshmipuram,2023Q3,104
Mahalakshmipuram,2023Q4,104
Mahalakshmipuram,2024Q1,85
Mahalakshmipuram,2024Q2,138
Mahalakshmipuram,2024Q3,143
Mahalakshmipuram,2024Q4,148
Mahalakshmipuram,2025Q1,146
Mahalakshmipuram,2025Q2,165
Mallasandra,2020Q1,25
Mallasandra,2020Q2,35
Mallasandra,2020Q3,57
Mallasandra,2020Q4,91
Mallasandra,2021Q1,101
Mallasandra,2021Q2,54
Mallasandra,2021Q3,80
Mallasandra,2021Q4,60
Mallasandra,2022Q1,54
Mallasandra,2022Q2,55
Mallasandra,2022Q3,53
Mallasandra,2022Q4,44
Mallasandra,2023Q1,37
Mallasandra,2023Q2,58
Mallasandra,2023Q3,60
Mallasandra,2023Q4,60
Mallasandra,2024Q1,86
Mallasandra,2024Q2,88
Mallasandra,2024Q3,127
Mallasandra,2024Q4,124
Mallasandra,2025Q1,83
Mallasandra,2025Q2,101
Malleshwaram,2020Q1,63
Malleshwaram,2020Q2,107
Malleshwaram,2020Q3,89
Malleshwaram,2020Q4,119
Malleshwaram,2021Q1,87
Malleshwaram,2021Q2,73
Malleshwaram,2021Q3,97
Malleshwaram,2021Q4,123
Malleshwaram,2022Q1,82
Malleshwaram,2022Q2,96
Malleshwaram,2022Q3,105
Malleshwaram,2022Q4,108
Malleshwaram,2023Q1,62
Malleshwaram,2023Q2,115
Malleshwaram,2023Q3,118
Malleshwaram,2023Q4,101
Malleshwaram,2024Q1,108
Malleshwaram,2024Q2,169
Malleshwaram,2024Q3,260
Malleshwaram,2024Q4,297
Malleshwaram,2025Q1,197
Malleshwaram,2025Q2,293
Mangammanapalya,2020Q1,170
Mangammanapalya,2020Q2,225
Mangammanapalya,2020Q3,184
Mangammanapalya,2020Q4,147
Mangammanapalya,2021Q1,151
Mangammanapalya,2021Q2,92
Mangammanapalya,2021Q3,137
Mangammanapalya,2021Q4,133
Mangammanapalya,2022Q1,98
Mangammanapalya,2022Q2,204
Mangammanapalya,2022Q3,146
Mangammanapalya,2022Q4,120
Mangammanapalya,2023Q1,81
Mangammanapalya,2023Q2,99
Mangammanapalya,2023Q3,156
Mangammanapalya,2023Q4,144
Mangammanapalya,2024Q1,166
Mangammanapalya,2024Q2,284
Mangammanapalya,2024Q3,330
Mangammanapalya,2024Q4,324
Mangammanapalya,2025Q1,341
Mangammanapalya,2025Q2,345
Manorayanapalya,2020Q1,55
Manorayanapalya,2020Q2,68
Manorayanapalya,2020Q3,62
Manorayanapalya,2020Q4,55
Manorayanapalya,2021Q1,51
Manorayanapalya,2021Q2,65
Manorayanapalya,2021Q3,97
Manorayanapalya,2021Q4,103
Manorayanapalya,2022Q1,82
Manorayanapalya,2022Q2,105
Manorayanapalya,2022Q3,114
Manorayanapalya,2022Q4,160
Manorayanapalya,2023Q1,125
Manorayanapalya,2023Q2,136
Manorayanapalya,2023Q3,120
Manorayanapalya,2023Q4,142
Manorayanapalya,2024Q1,130
Manorayanapalya,2024Q2,271
Manorayanapalya,2024Q3,328
Manorayanapalya,2024Q4,375
Manorayanapalya,2025Q1,344
Manorayanapalya,2025Q2,381
Marappana Palya,2020Q1,48
Marappana Palya,2020Q2,63
Marappana Palya,2020Q3,46
Marappana Palya,2020Q4,73
Marappana Palya,2021Q1,43
Marappana Palya,2021Q2,44
Marappana Palya,2021Q3,60
Marappana Palya,2021Q4,44
Marappana Palya,2022Q1,67
Marappana Palya,2022Q2,56
Marappana Palya,2022Q3,54
Marappana Palya,2022Q4,45
Marappana Palya,2023Q1,38
Marappana Palya,2023Q2,64
Marappana Palya,2023Q3,71
Marappana Palya,2023Q4,61
Marappana Palya,2024Q1,70
Marappana Palya,2024Q2,83
Marappana Palya,2024Q3,115
Marappana Palya,2024Q4,111
Marappana Palya,2025Q1,83
Marappana Palya,2025Q2,90
Marathalli,2020Q1,40
Marathalli,2020Q2,54
Marathalli,2020Q3,65
Marathalli,2020Q4,75
Marathalli,2021Q1,55
Marathalli,2021Q2,55
Marathalli,2021Q3,52
Marathalli,2021Q4,42
Marathalli,2022Q1,91
Marathalli,2022Q2,94
Marathalli,2022Q3,129
Marathalli,2022Q4,126
Marathalli,2023Q1,76
Marathalli,2023Q2,75
Marathalli,2023Q3,118
Marathalli,2023Q4,89
Marathalli,2024Q1,100
Marathalli,2024Q2,140
Marathalli,2024Q3,213
Marathalli,2024Q4,209
Marathalli,2025Q1,229
Marathalli,2025Q2,265
Marenahalli,2020Q1,46
Marenahalli,2020Q2,61
Marenahalli,2020Q3,51
Marenahalli,2020Q4,90
Marenahalli,2021Q1,115
Marenahalli,2021Q2,66
Marenahalli,2021Q3,65
Marenahalli,2021Q4,78
Marenahalli,2022Q1,60
Marenahalli,2022Q2,55
Marenahalli,2022Q3,56
Marenahalli,2022Q4,64
Marenahalli,2023Q1,10
Marenahalli,2023Q2,36
Marenahalli,2023Q3,29
Marenahalli,2023Q4,46
Marenahalli,2024Q1,45
Marenahalli,2024Q2,98
Marenahalli,2024Q3,123
Marenahalli,2024Q4,91
Marenahalli,2025Q1,90
Marenahalli,2025Q2,109
Maruthi Mandira Ward,2020Q1,27
Maruthi Mandira Ward,2020Q2,52
Maruthi Mandira Ward,2020Q3,58
Maruthi Mandira Ward,2020Q4,77
Maruthi Mandira Ward,2021Q1,62
Maruthi Mandira Ward,2021Q2,66
Maruthi Mandira Ward,2021Q3,84
Maruthi Mandira Ward,2021Q4,98
Maruthi Mandira Ward,2022Q1,57
Maruthi Mandira Ward,2022Q2,71
Maruthi Mandira Ward,2022Q3,69
Maruthi Mandira Ward,2022Q4,68
Maruthi Mandira Ward,2023Q1,28
Maruthi Mandira Ward,2023Q2,41
Maruthi Mandira Ward,2023Q3,41
Maruthi Mandira Ward,2023Q4,31
Maruthi Mandira Ward,2024Q1,52
Maruthi Mandira Ward,2024Q2,112
Maruthi Mandira Ward,2024Q3,124
Maruthi Mandira Ward,2024Q4,98
Maruthi Mandira Ward,2025Q1,84
Maruthi Mandira Ward,2025Q2,120
Maruthi Seva Nagar,2020Q1,54
Maruthi Seva Nagar,2020Q2,80
Maruthi Seva Nagar,2020Q3,125
Maruthi Seva Nagar,2020Q4,133
Maruthi Seva Nagar,2021Q1,110
Maruthi Seva Nagar,2021Q2,89
Maruthi Seva Nagar,2021Q3,119
Maruthi Seva Nagar,2021Q4,130
Maruthi Seva Nagar,2022Q1,97
Maruthi Seva Nagar,2022Q2,119
Maruthi Seva Nagar,2022Q3,109
Maruthi Seva Nagar,2022Q4,83
Maruthi Seva Nagar,2023Q1,85
Maruthi Seva Nagar,2023Q2,92
Maruthi Seva Nagar,2023Q3,161
Maruthi Seva Nagar,2023Q4,116
Maruthi Seva Nagar,2024Q1,178
Maruthi Seva Nagar,2024Q2,158
Maruthi Seva Nagar,2024Q3,312
Maruthi Seva Nagar,2024Q4,872
Maruthi Seva Nagar,2025Q1,349
Maruthi Seva Nagar,2025Q2,286
Mathikere,2020Q1,38
Mathikere,2020Q2,60
Mathikere,2020Q3,66
Mathikere,2020Q4,65
Mathikere,2021Q1,84
Mathikere,2021Q2,63
Mathikere,2021Q3,70
Mathikere,2021Q4,57
Mathikere,2022Q1,71
Mathikere,2022Q2,74
Mathikere,2022Q3,75
Mathikere,2022Q4,76
Mathikere,2023Q1,48
Mathikere,2023Q2,67
Mathikere,2023Q3,81
Mathikere,2023Q4,80
Mathikere,2024Q1,66
Mathikere,2024Q2,110
Mathikere,2024Q3,128
Mathikere,2024Q4,196
Mathikere,2025Q1,124
Mathikere,2025Q2,145
Moodalapalya,2020Q1,34
Moodalapalya,2020Q2,56
Moodalapalya,2020Q3,54
Moodalapalya,2020Q4,79
Moodalapalya,2021Q1,47
Moodalapalya,2021Q2,83
Moodalapalya,2021Q3,86
Moodalapalya,2021Q4,90
Moodalapalya,2022Q1,68
Moodalapalya,2022Q2,71
Moodalapalya,2022Q3,79
Moodalapalya,2022Q4,73
Moodalapalya,2023Q1,31
Moodalapalya,2023Q2,45
Moodalapalya,2023Q3,50
Moodalapalya,2023Q4,31
Moodalapalya,2024Q1,29
Moodalapalya,2024Q2,86
Moodalapalya,2024Q3,76
Moodalapalya,2024Q4,74
Moodalapalya,2025Q1,63
Moodalapalya,2025Q2,76
Muneshwara Nagar,2020Q1,7
Muneshwara Nagar,2020Q2,11
Muneshwara Nagar,2020Q3,29
Muneshwara Nagar,2020Q4,25
Muneshwara Nagar,2021Q1,26
Muneshwara Nagar,2021Q2,19
Muneshwara Nagar,2021Q3,27
Muneshwara Nagar,2021Q4,20
Muneshwara Nagar,2022Q1,20
Muneshwara Nagar,2022Q2,24
Muneshwara Nagar,2022Q3,33
Muneshwara Nagar,2022Q4,32
Muneshwara Nagar,2023Q1,18
Muneshwara Nagar,2023Q2,15
Muneshwara Nagar,2023Q3,41
Muneshwara Nagar,2023Q4,30
Muneshwara Nagar,2024Q1,20
Muneshwara Nagar,2024Q2,48
Muneshwara Nagar,2024Q3,47
Muneshwara Nagar,2024Q4,85
Muneshwara Nagar,2025Q1,28
Muneshwara Nagar,2025Q2,155
Nagapura,2020Q1,57
Nagapura,2020Q2,91
Nagapura,2020Q3,107
Nagapura,2020Q4,128
Nagapura,2021Q1,113
Nagapura,2021Q2,93
Nagapura,2021Q3,152
Nagapura,2021Q4,127
Nagapura,2022Q1,93
Nagapura,2022Q2,123
Nagapura,2022Q3,139
Nagapura,2022Q4,126
Nagapura,2023Q1,86
Nagapura,2023Q2,122
Nagapura,2023Q3,136
Nagapura,2023Q4,141
Nagapura,2024Q1,134
Nagapura,2024Q2,187
Nagapura,2024Q3,246
Nagapura,2024Q4,226
Nagapura,2025Q1,259
Nagapura,2025Q2,293
Nagarabhavi,2020Q1,52
Nagarabhavi,2020Q2,68
Nagarabhavi,2020Q3,81
Nagarabhavi,2020Q4,74
Nagarabhavi,2021Q1,56
Nagarabhavi,2021Q2,87
Nagarabhavi,2021Q3,78
Nagarabhavi,2021Q4,153
Nagarabhavi,2022Q1,80
Nagarabhavi,2022Q2,104
Nagarabhavi,2022Q3,139
Nagarabhavi,2022Q4,129
Nagarabhavi,2023Q1,34
Nagarabhavi,2023Q2,52
Nagarabhavi,2023Q3,68
Nagarabhavi,2023Q4,48
Nagarabhavi,2024Q1,67
Nagarabhavi,2024Q2,145
Nagarabhavi,2024Q3,131
Nagarabhavi,2024Q4,116
Nagarabhavi,2025Q1,117
Nagarabhavi,2025Q2,151
Nagavara,2020Q1,41
Nagavara,2020Q2,60
Nagavara,2020Q3,82
Nagavara,2020Q4,82
Nagavara,2021Q1,98
Nagavara,2021Q2,66
Nagavara,2021Q3,124
Nagavara,2021Q4,154
Nagavara,2022Q1,83
Nagavara,2022Q2,112
Nagavara,2022Q3,143
Nagavara,2022Q4,118
Nagavara,2023Q1,96
Nagavara,2023Q2,88
Nagavara,2023Q3,121
Nagavara,2023Q4,113
Nagavara,2024Q1,105
Nagavara,2024Q2,180
Nagavara,2024Q3,203
Nagavara,2024Q4,268
Nagavara,2025Q1,238
Nagavara,2025Q2,269
Nandini Layout,2020Q1,40
Nandini Layout,2020Q2,74
Nandini Layout,2020Q3,86
Nandini Layout,2020Q4,91
Nandini Layout,2021Q1,94
Nandini Layout,2021Q2,129
Nandini Layout,2021Q3,122
Nandini Layout,2021Q4,97
Nandini Layout,2022Q1,82
Nandini Layout,2022Q2,66
Nandini Layout,2022Q3,110
Nandini Layout,2022Q4,88
Nandini Layout,2023Q1,70
Nandini Layout,2023Q2,87
Nandini Layout,2023Q3,110
Nandini Layout,2023Q4,82
Nandini Layout,2024Q1,154
Nandini Layout,2024Q2,151
Nandini Layout,2024Q3,154
Nandini Layout,2024Q4,191
Nandini Layout,2025Q1,184
Nandini Layout,2025Q2,176
Nayandanahalli,2020Q1,30
Nayandanahalli,2020Q2,29
Nayandanahalli,2020Q3,43
Nayandanahalli,2020Q4,91
Nayandanahalli,2021Q1,45
Nayandanahalli,2021Q2,57
Nayandanahalli,2021Q3,70
Nayandanahalli,2021Q4,82
Nayandanahalli,2022Q1,65
Nayandanahalli,2022Q2,45
Nayandanahalli,2022Q3,77
Nayandanahalli,2022Q4,50
Nayandanahalli,2023Q1,13
Nayandanahalli,2023Q2,25
Nayandanahalli,2023Q3,47
Nayandanahalli,2023Q4,30
Nayandanahalli,2024Q1,29
Nayandanahalli,2024Q2,66
Nayandanahalli,2024Q3,66
Nayandanahalli,2024Q4,64
Nayandanahalli,2025Q1,56
Nayandanahalli,2025Q2,82
Neelasandra,2020Q1,10
Neelasandra,2020Q2,14
Neelasandra,2020Q3,14
Neelasandra,2020Q4,22
Neelasandra,2021Q1,21
Neelasandra,2021Q2,28
Neelasandra,2021Q3,57
Neelasandra,2021Q4,45
Neelasandra,2022Q1,47
Neelasandra,2022Q2,47
Neelasandra,2022Q3,44
Neelasandra,2022Q4,38
Neelasandra,2023Q1,29
Neelasandra,2023Q2,31
Neelasandra,2023Q3,55
Neelasandra,2023Q4,44
Neelasandra,2024Q1,47
Neelasandra,2024Q2,46
Neelasandra,2024Q3,69
Neelasandra,2024Q4,67
Neelasandra,2025Q1,59
Neelasandra,2025Q2,69
Newthippasandra,2020Q1,112
Newthippasandra,2020Q2,137
Newthippasandra,2020Q3,139
Newthippasandra,2020Q4,148
Newthippasandra,2021Q1,115
Newthippasandra,2021Q2,98
Newthippasandra,2021Q3,160
Newthippasandra,2021Q4,142
Newthippasandra,2022Q1,137
Newthippasandra,2022Q2,172
Newthippasandra,2022Q3,209
Newthippasandra,2022Q4,169
Newthippasandra,2023Q1,118
Newthippasandra,2023Q2,132
Newthippasandra,2023Q3,293
Newthippasandra,2023Q4,242
Newthippasandra,2024Q1,308
Newthippasandra,2024Q2,351
Newthippasandra,2024Q3,462
Newthippasandra,2024Q4,295
Newthippasandra,2025Q1,292
Newthippasandra,2025Q2,355
Okalipuram,2020Q1,24
Okalipuram,2020Q2,11
Okalipuram,2020Q3,20
Okalipuram,2020Q4,27
Okalipuram,2021Q1,16
Okalipuram,2021Q2,34
Okalipuram,2021Q3,33
Okalipuram,2021Q4,51
Okalipuram,2022Q1,29
Okalipuram,2022Q2,48
Okalipuram,2022Q3,26
Okalipuram,2022Q4,41
Okalipuram,2023Q1,14
Okalipuram,2023Q2,21
Okalipuram,2023Q3,21
Okalipuram,2023Q4,27
Okalipuram,2024Q1,29
Okalipuram,2024Q2,38
Okalipuram,2024Q3,49
Okalipuram,2024Q4,67
Okalipuram,2025Q1,38
Okalipuram,2025Q2,58
Padarayanapura,2020Q1,11
Padarayanapura,2020Q2,13
Padarayanapura,2020Q3,15
Padarayanapura,2020Q4,12
Padarayanapura,2021Q1,20
Padarayanapura,2021Q2,18
Padarayanapura,2021Q3,19
Padarayanapura,2021Q4,16
Padarayanapura,2022Q1,22
Padarayanapura,2022Q2,16
Padarayanapura,2022Q3,18
Padarayanapura,2022Q4,11
Padarayanapura,2023Q1,12
Padarayanapura,2023Q2,19
Padarayanapura,2023Q3,22
Padarayanapura,2023Q4,15
Padarayanapura,2024Q1,19
Padarayanapura,2024Q2,26
Padarayanapura,2024Q3,25
Padarayanapura,2024Q4,46
Padarayanapura,2025Q1,54
Padarayanapura,2025Q2,36
Padmanabha Nagar,2020Q1,83
Padmanabha Nagar,2020Q2,123
Padmanabha Nagar,2020Q3,121
Padmanabha Nagar,2020Q4,175
Padmanabha Nagar,2021Q1,161
Padmanabha Nagar,2021Q2,131
Padmanabha Nagar,2021Q3,144
Padmanabha Nagar,2021Q4,146
Padmanabha Nagar,2022Q1,132
Padmanabha Nagar,2022Q2,159
Padmanabha Nagar,2022Q3,164
Padmanabha Nagar,2022Q4,156
Padmanabha Nagar,2023Q1,163
Padmanabha Nagar,2023Q2,160
Padmanabha Nagar,2023Q3,176
Padmanabha Nagar,2023Q4,159
Padmanabha Nagar,2024Q1,210
Padmanabha Nagar,2024Q2,308
Padmanabha Nagar,2024Q3,427
Padmanabha Nagar,2024Q4,376
Padmanabha Nagar,2025Q1,365
Padmanabha Nagar,2025Q2,542
Pattabhiram Nagar,2020Q1,106
Pattabhiram Nagar,2020Q2,148
Pattabhiram Nagar,2020Q3,164
Pattabhiram Nagar,2020Q4,178
Pattabhiram Nagar,2021Q1,142
Pattabhiram Nagar,2021Q2,102
Pattabhiram Nagar,2021Q3,233
Pattabhiram Nagar,2021Q4,123
Pattabhiram Nagar,2022Q1,126
Pattabhiram Nagar,2022Q2,133
Pattabhiram Nagar,2022Q3,173
Pattabhiram Nagar,2022Q4,169
Pattabhiram Nagar,2023Q1,151
Pattabhiram Nagar,2023Q2,132
Pattabhiram Nagar,2023Q3,183
Pattabhiram Nagar,2023Q4,194
Pattabhiram Nagar,2024Q1,197
Pattabhiram Nagar,2024Q2,380
Pattabhiram Nagar,2024Q3,317
Pattabhiram Nagar,2024Q4,306
Pattabhiram Nagar,2025Q1,324
Pattabhiram Nagar,2025Q2,378
Peenya Industrial Area,2020Q1,32
Peenya Industrial Area,2020Q2,65
Peenya Industrial Area,2020Q3,108
Peenya Industrial Area,2020Q4,75
Peenya Industrial Area,2021Q1,55
Peenya Industrial Area,2021Q2,29
Peenya Industrial Area,2021Q3,53
Peenya Industrial Area,2021Q4,81
Peenya Industrial Area,2022Q1,64
Peenya Industrial Area,2022Q2,101
Peenya Industrial Area,2022Q3,115
Peenya Industrial Area,2022Q4,82
Peenya Industrial Area,2023Q1,76
Peenya Industrial Area,2023Q2,86
Peenya Industrial Area,2023Q3,133
Peenya Industrial Area,2023Q4,134
Peenya Industrial Area,2024Q1,141
Peenya Industrial Area,2024Q2,172
Peenya Industrial Area,2024Q3,173
Peenya Industrial Area,2024Q4,235
Peenya Industrial Area,2025Q1,215
Peenya Industrial Area,2025Q2,276
Prakash Nagar,2020Q1,8
Prakash Nagar,2020Q2,21
Prakash Nagar,2020Q3,33
Prakash Nagar,2020Q4,28
Prakash Nagar,2021Q1,25
Prakash Nagar,2021Q2,19
Prakash Nagar,2021Q3,25
Prakash Nagar,2021Q4,32
Prakash Nagar,2022Q1,38
Prakash Nagar,2022Q2,39
Prakash Nagar,2022Q3,28
Prakash Nagar,2022Q4,16
Prakash Nagar,2023Q1,17
Prakash Nagar,2023Q2,29
Prakash Nagar,2023Q3,58
Prakash Nagar,2023Q4,42
Prakash Nagar,2024Q1,41
Prakash Nagar,2024Q2,64
Prakash Nagar,2024Q3,70
Prakash Nagar,2024Q4,66
Prakash Nagar,2025Q1,55
Prakash Nagar,2025Q2,63
Pulikeshi Nagar,2020Q1,55
Pulikeshi Nagar,2020Q2,56
Pulikeshi Nagar,2020Q3,150
Pulikeshi Nagar,2020Q4,78
Pulikeshi Nagar,2021Q1,84
Pulikeshi Nagar,2021Q2,56
Pulikeshi Nagar,2021Q3,86
Pulikeshi Nagar,2021Q4,80
Pulikeshi Nagar,2022Q1,101
Pulikeshi Nagar,2022Q2,109
Pulikeshi Nagar,2022Q3,140
Pulikeshi Nagar,2022Q4,82
Pulikeshi Nagar,2023Q1,83
Pulikeshi Nagar,2023Q2,161
Pulikeshi Nagar,2023Q3,112
Pulikeshi Nagar,2023Q4,119
Pulikeshi Nagar,2024Q1,102
Pulikeshi Nagar,2024Q2,165
Pulikeshi Nagar,2024Q3,200
Pulikeshi Nagar,2024Q4,187
Pulikeshi Nagar,2025Q1,178
Pulikeshi Nagar,2025Q2,257
Puttenahalli,2020Q1,132
Puttenahalli,2020Q2,111
Puttenahalli,2020Q3,140
Puttenahalli,2020Q4,142
Puttenahalli,2021Q1,142
Puttenahalli,2021Q2,109
Puttenahalli,2021Q3,160
Puttenahalli,2021Q4,181
Puttenahalli,2022Q1,107
Puttenahalli,2022Q2,168
Puttenahalli,2022Q3,168
Puttenahalli,2022Q4,149
Puttenahalli,2023Q1,88
Puttenahalli,2023Q2,143
Puttenahalli,2023Q3,159
Puttenahalli,2023Q4,125
Puttenahalli,2024Q1,116
Puttenahalli,2024Q2,211
Puttenahalli,2024Q3,267
Puttenahalli,2024Q4,231
Puttenahalli,2025Q1,213
Puttenahalli,2025Q2,262
Radhakrishna Temple,2020Q1,79
Radhakrishna Temple,2020Q2,123
Radhakrishna Temple,2020Q3,161
Radhakrishna Temple,2020Q4,164
Radhakrishna Temple,2021Q1,128
Radhakrishna Temple,2021Q2,82
Radhakrishna Temple,2021Q3,144
Radhakrishna Temple,2021Q4,118
Radhakrishna Temple,2022Q1,136
Radhakrishna Temple,2022Q2,101
Radhakrishna Temple,2022Q3,153
Radhakrishna Temple,2022Q4,129
Radhakrishna Temple,2023Q1,109
Radhakrishna Temple,2023Q2,149
Radhakrishna Temple,2023Q3,178
Radhakrishna Temple,2023Q4,187
Radhakrishna Temple,2024Q1,186
Radhakrishna Temple,2024Q2,223
Radhakrishna Temple,2024Q3,316
Radhakrishna Temple,2024Q4,259
Radhakrishna Temple,2025Q1,215
Radhakrishna Temple,2025Q2,273
Rajagopala Nagar,2020Q1,31
Rajagopala Nagar,2020Q2,40
Rajagopala Nagar,2020Q3,53
Rajagopala Nagar,2020Q4,60
Rajagopala Nagar,2021Q1,79
Rajagopala Nagar,2021Q2,63
Rajagopala Nagar,2021Q3,101
Rajagopala Nagar,2021Q4,104
Rajagopala Nagar,2022Q1,95
Rajagopala Nagar,2022Q2,100
Rajagopala Nagar,2022Q3,90
Rajagopala Nagar,2022Q4,76
Rajagopala Nagar,2023Q1,77
Rajagopala Nagar,2023Q2,64
Rajagopala Nagar,2023Q3,94
Rajagopala Nagar,2023Q4,98
Rajagopala Nagar,2024Q1,79
Rajagopala Nagar,2024Q2,135
Rajagopala Nagar,2024Q3,171
Rajagopala Nagar,2024Q4,191
Rajagopala Nagar,2025Q1,199
Rajagopala Nagar,2025Q2,190
Rajaji Nagar,2020Q1,29
Rajaji Nagar,2020Q2,66
Rajaji Nagar,2020Q3,89
Rajaji Nagar,2020Q4,63
Rajaji Nagar,2021Q1,59
Rajaji Nagar,2021Q2,67
Rajaji Nagar,2021Q3,70
Rajaji Nagar,2021Q4,108
Rajaji Nagar,2022Q1,64
Rajaji Nagar,2022Q2,64
Rajaji Nagar,2022Q3,85
Rajaji Nagar,2022Q4,46
Rajaji Nagar,2023Q1,56
Rajaji Nagar,2023Q2,81
Rajaji Nagar,2023Q3,97
Rajaji Nagar,2023Q4,86
Rajaji Nagar,2024Q1,77
Rajaji Nagar,2024Q2,119
Rajaji Nagar,2024Q3,131
Rajaji Nagar,2024Q4,130
Rajaji Nagar,2025Q1,143
Rajaji Nagar,2025Q2,180
Rajamahal,2020Q1,25
Rajamahal,2020Q2,60
Rajamahal,2020Q3,73
Rajamahal,2020Q4,66
Rajamahal,2021Q1,78
Rajamahal,2021Q2,69
Rajamahal,2021Q3,82
Rajamahal,2021Q4,60
Rajamahal,2022Q1,47
Rajamahal,2022Q2,54
Rajamahal,2022Q3,75
Rajamahal,2022Q4,47
Rajamahal,2023Q1,44
Rajamahal,2023Q2,48
Rajamahal,2023Q3,81
Rajamahal,2023Q4,58
Rajamahal,2024Q1,59
Rajamahal,2024Q2,94
Rajamahal,2024Q3,142
Rajamahal,2024Q4,120
Rajamahal,2025Q1,114
Rajamahal,2025Q2,123
Rajarajeshwari Nagar,2020Q1,296
Rajarajeshwari Nagar,2020Q2,621
Rajarajeshwari Nagar,2020Q3,738
Rajarajeshwari Nagar,2020Q4,1174
Rajarajeshwari Nagar,2021Q1,934
Rajarajeshwari Nagar,2021Q2,500
Rajarajeshwari Nagar,2021Q3,583
Rajarajeshwari Nagar,2021Q4,599
Rajarajeshwari Nagar,2022Q1,501
Rajarajeshwari Nagar,2022Q2,663
Rajarajeshwari Nagar,2022Q3,868
Rajarajeshwari Nagar,2022Q4,719
Rajarajeshwari Nagar,2023Q1,572
Rajarajeshwari Nagar,2023Q2,593
Rajarajeshwari Nagar,2023Q3,741
Rajarajeshwari Nagar,2023Q4,632
Rajarajeshwari Nagar,2024Q1,671
Rajarajeshwari Nagar,2024Q2,1014
Rajarajeshwari Nagar,2024Q3,1088
Rajarajeshwari Nagar,2024Q4,1139
Rajarajeshwari Nagar,2025Q1,1196
Rajarajeshwari Nagar,2025Q2,1205
Ramamurthy Nagar,2020Q1,282
Ramamurthy Nagar,2020Q2,379
Ramamurthy Nagar,2020Q3,507
Ramamurthy Nagar,2020Q4,475
Ramamurthy Nagar,2021Q1,318
Ramamurthy Nagar,2021Q2,351
Ramamurthy Nagar,2021Q3,391
Ramamurthy Nagar,2021Q4,418
Ramamurthy Nagar,2022Q1,305
Ramamurthy Nagar,2022Q2,384
Ramamurthy Nagar,2022Q3,529
Ramamurthy Nagar,2022Q4,440
Ramamurthy Nagar,2023Q1,413
Ramamurthy Nagar,2023Q2,431
Ramamurthy Nagar,2023Q3,511
Ramamurthy Nagar,2023Q4,463
Ramamurthy Nagar,2024Q1,509
Ramamurthy Nagar,2024Q2,584
Ramamurthy Nagar,2024Q3,758
Ramamurthy Nagar,2024Q4,898
Ramamurthy Nagar,2025Q1,758
Ramamurthy Nagar,2025Q2,825
Ramaswamy Palya,2020Q1,15
Ramaswamy Palya,2020Q2,30
Ramaswamy Palya,2020Q3,49
Ramaswamy Palya,2020Q4,54
Ramaswamy Palya,2021Q1,37
Ramaswamy Palya,2021Q2,44
Ramaswamy Palya,2021Q3,62
Ramaswamy Palya,2021Q4,42
Ramaswamy Palya,2022Q1,27
Ramaswamy Palya,2022Q2,67
Ramaswamy Palya,2022Q3,60
Ramaswamy Palya,2022Q4,49
Ramaswamy Palya,2023Q1,57
Ramaswamy Palya,2023Q2,38
Ramaswamy Palya,2023Q3,75
Ramaswamy Palya,2023Q4,63
Ramaswamy Palya,2024Q1,55
Ramaswamy Palya,2024Q2,59
Ramaswamy Palya,2024Q3,90
Ramaswamy Palya,2024Q4,82
Ramaswamy Palya,2025Q1,99
Ramaswamy Palya,2025Q2,98
Rayapuram,2020Q1,17
Rayapuram,2020Q2,23
Rayapuram,2020Q3,32
Rayapuram,2020Q4,29
Rayapuram,2021Q1,28
Rayapuram,2021Q2,27
Rayapuram,2021Q3,23
Rayapuram,2021Q4,19
Rayapuram,2022Q1,23
Rayapuram,2022Q2,8
Rayapuram,2022Q3,18
Rayapuram,2022Q4,19
Rayapuram,2023Q1,6
Rayapuram,2023Q2,15
Rayapuram,2023Q3,24
Rayapuram,2023Q4,40
Rayapuram,2024Q1,32
Rayapuram,2024Q2,48
Rayapuram,2024Q3,50
Rayapuram,2024Q4,89
Rayapuram,2025Q1,51
Rayapuram,2025Q2,42
S.K.Garden,2020Q1,17
S.K.Garden,2020Q2,16
S.K.Garden,2020Q3,25
S.K.Garden,2020Q4,38
S.K.Garden,2021Q1,28
S.K.Garden,2021Q2,33
S.K.Garden,2021Q3,23
S.K.Garden,2021Q4,23
S.K.Garden,2022Q1,35
S.K.Garden,2022Q2,65
S.K.Garden,2022Q3,41
S.K.Garden,2022Q4,29
S.K.Garden,2023Q1,36
S.K.Garden,2023Q2,31
S.K.Garden,2023Q3,41
S.K.Garden,2023Q4,40
S.K.Garden,2024Q1,26
S.K.Garden,2024Q2,61
S.K.Garden,2024Q3,96
S.K.Garden,2024Q4,62
S.K.Garden,2025Q1,52
S.K.Garden,2025Q2,110
Sagayapuram,2020Q1,27
Sagayapuram,2020Q2,54
Sagayapuram,2020Q3,53
Sagayapuram,2020Q4,60
Sagayapuram,2021Q1,80
Sagayapuram,2021Q2,58
Sagayapuram,2021Q3,63
Sagayapuram,2021Q4,29
Sagayapuram,2022Q1,24
Sagayapuram,2022Q2,34
Sagayapuram,2022Q3,43
Sagayapuram,2022Q4,31
Sagayapuram,2023Q1,32
Sagayapuram,2023Q2,36
Sagayapuram,2023Q3,126
Sagayapuram,2023Q4,103
Sagayapuram,2024Q1,127
Sagayapuram,2024Q2,169
Sagayapuram,2024Q3,146
Sagayapuram,2024Q4,106
Sagayapuram,2025Q1,204
Sagayapuram,2025Q2,233
Sampangiram Nagar,2020Q1,81
Sampangiram Nagar,2020Q2,147
Sampangiram Nagar,2020Q3,124
Sampangiram Nagar,2020Q4,166
Sampangiram Nagar,2021Q1,109
Sampangiram Nagar,2021Q2,120
Sampangiram Nagar,2021Q3,129
Sampangiram Nagar,2021Q4,114
Sampangiram Nagar,2022Q1,129
Sampangiram Nagar,2022Q2,149
Sampangiram Nagar,2022Q3,172
Sampangiram Nagar,2022Q4,161
Sampangiram Nagar,2023Q1,77
Sampangiram Nagar,2023Q2,189
Sampangiram Nagar,2023Q3,196
Sampangiram Nagar,2023Q4,152
Sampangiram Nagar,2024Q1,155
Sampangiram Nagar,2024Q2,230
Sampangiram Nagar,2024Q3,255
Sampangiram Nagar,2024Q4,262
Sampangiram Nagar,2025Q1,275
Sampangiram Nagar,2025Q2,291
Sanjay Nagar,2020Q1,86
Sanjay Nagar,2020Q2,96
Sanjay Nagar,2020Q3,143
Sanjay Nagar,2020Q4,140
Sanjay Nagar,2021Q1,102
Sanjay Nagar,2021Q2,125
Sanjay Nagar,2021Q3,135
Sanjay Nagar,2021Q4,108
Sanjay Nagar,2022Q1,150
Sanjay Nagar,2022Q2,103
Sanjay Nagar,2022Q3,141
Sanjay Nagar,2022Q4,141
Sanjay Nagar,2023Q1,84
Sanjay Nagar,2023Q2,139
Sanjay Nagar,2023Q3,214
Sanjay Nagar,2023Q4,176
Sanjay Nagar,2024Q1,158
Sanjay Nagar,2024Q2,307
Sanjay Nagar,2024Q3,388
Sanjay Nagar,2024Q4,422
Sanjay Nagar,2025Q1,265
Sanjay Nagar,2025Q2,365
Sarakki,2020Q1,69
Sarakki,2020Q2,146
Sarakki,2020Q3,120
Sarakki,2020Q4,125
Sarakki,2021Q1,135
Sarakki,2021Q2,119
Sarakki,2021Q3,210
Sarakki,2021Q4,112
Sarakki,2022Q1,117
Sarakki,2022Q2,136
Sarakki,2022Q3,172
Sarakki,2022Q4,161
Sarakki,2023Q1,102
Sarakki,2023Q2,175
Sarakki,2023Q3,257
Sarakki,2023Q4,165
Sarakki,2024Q1,185
Sarakki,2024Q2,341
Sarakki,2024Q3,269
Sarakki,2024Q4,306
Sarakki,2025Q1,344
Sarakki,2025Q2,344
Sarvagna Nagar,2020Q1,34
Sarvagna Nagar,2020Q2,37
Sarvagna Nagar,2020Q3,63
Sarvagna Nagar,2020Q4,46
Sarvagna Nagar,2021Q1,65
Sarvagna Nagar,2021Q2,42
Sarvagna Nagar,2021Q3,78
Sarvagna Nagar,2021Q4,98
Sarvagna Nagar,2022Q1,50
Sarvagna Nagar,2022Q2,61
Sarvagna Nagar,2022Q3,94
Sarvagna Nagar,2022Q4,79
Sarvagna Nagar,2023Q1,38
Sarvagna Nagar,2023Q2,52
Sarvagna Nagar,2023Q3,100
Sarvagna Nagar,2023Q4,79
Sarvagna Nagar,2024Q1,82
Sarvagna Nagar,2024Q2,98
Sarvagna Nagar,2024Q3,137
Sarvagna Nagar,2024Q4,139
Sarvagna Nagar,2025Q1,168
Sarvagna Nagar,2025Q2,202
Shakambari Nagar,2020Q1,63
Shakambari Nagar,2020Q2,117
Shakambari Nagar,2020Q3,110
Shakambari Nagar,2020Q4,90
Shakambari Nagar,2021Q1,96
Shakambari Nagar,2021Q2,121
Shakambari Nagar,2021Q3,288
Shakambari Nagar,2021Q4,120
Shakambari Nagar,2022Q1,149
Shakambari Nagar,2022Q2,145
Shakambari Nagar,2022Q3,129
Shakambari Nagar,2022Q4,120
Shakambari Nagar,2023Q1,95
Shakambari Nagar,2023Q2,133
Shakambari Nagar,2023Q3,191
Shakambari Nagar,2023Q4,138
Shakambari Nagar,2024Q1,202
Shakambari Nagar,2024Q2,339
Shakambari Nagar,2024Q3,250
Shakambari Nagar,2024Q4,194
Shakambari Nagar,2025Q1,218
Shakambari Nagar,2025Q2,303
Shakthiganapathi Nagar,2020Q1,29
Shakthiganapathi Nagar,2020Q2,48
Shakthiganapathi Nagar,2020Q3,49
Shakthiganapathi Nagar,2020Q4,83
Shakthiganapathi Nagar,2021Q1,76
Shakthiganapathi Nagar,2021Q2,57
Shakthiganapathi Nagar,2021Q3,71
Shakthiganapathi Nagar,2021Q4,71
Shakthiganapathi Nagar,2022Q1,52
Shakthiganapathi Nagar,2022Q2,69
Shakthiganapathi Nagar,2022Q3,62
Shakthiganapathi Nagar,2022Q4,61
Shakthiganapathi Nagar,2023Q1,56
Shakthiganapathi Nagar,2023Q2,59
Shakthiganapathi Nagar,2023Q3,79
Shakthiganapathi Nagar,2023Q4,61
Shakthiganapathi Nagar,2024Q1,73
Shakthiganapathi Nagar,2024Q2,143
Shakthiganapathi Nagar,2024Q3,125
Shakthiganapathi Nagar,2024Q4,128
Shakthiganapathi Nagar,2025Q1,119
Shakthiganapathi Nagar,2025Q2,139
Shankaramata,2020Q1,27
Shankaramata,2020Q2,58
Shankaramata,2020Q3,70
Shankaramata,2020Q4,80
Shankaramata,2021Q1,61
Shankaramata,2021Q2,76
Shankaramata,2021Q3,95
Shankaramata,2021Q4,101
Shankaramata,2022Q1,64
Shankaramata,2022Q2,66
Shankaramata,2022Q3,81
Shankaramata,2022Q4,74
Shankaramata,2023Q1,61
Shankaramata,2023Q2,95
Shankaramata,2023Q3,101
Shankaramata,2023Q4,86
Shankaramata,2024Q1,84
Shankaramata,2024Q2,171
Shankaramata,2024Q3,135
Shankaramata,2024Q4,131
Shankaramata,2025Q1,132
Shankaramata,2025Q2,167
Shanthala Nagar,2020Q1,319
Shanthala Nagar,2020Q2,102
Shanthala Nagar,2020Q3,184
Shanthala Nagar,2020Q4,146
Shanthala Nagar,2021Q1,140
Shanthala Nagar,2021Q2,140
Shanthala Nagar,2021Q3,198
Shanthala Nagar,2021Q4,148
Shanthala Nagar,2022Q1,135
Shanthala Nagar,2022Q2,150
Shanthala Nagar,2022Q3,199
Shanthala Nagar,2022Q4,160
Shanthala Nagar,2023Q1,122
Shanthala Nagar,2023Q2,182
Shanthala Nagar,2023Q3,255
Shanthala Nagar,2023Q4,280
Shanthala Nagar,2024Q1,315
Shanthala Nagar,2024Q2,379
Shanthala Nagar,2024Q3,519
Shanthala Nagar,2024Q4,446
Shanthala Nagar,2025Q1,410
Shanthala Nagar,2025Q2,450
Shanthi Nagar,2020Q1,77
Shanthi Nagar,2020Q2,83
Shanthi Nagar,2020Q3,72
Shanthi Nagar,2020Q4,71
Shanthi Nagar,2021Q1,94
Shanthi Nagar,2021Q2,81
Shanthi Nagar,2021Q3,86
Shanthi Nagar,2021Q4,111
Shanthi Nagar,2022Q1,129
Shanthi Nagar,2022Q2,114
Shanthi Nagar,2022Q3,159
Shanthi Nagar,2022Q4,123
Shanthi Nagar,2023Q1,90
Shanthi Nagar,2023Q2,98
Shanthi Nagar,2023Q3,134
Shanthi Nagar,2023Q4,127
Shanthi Nagar,2024Q1,100
Shanthi Nagar,2024Q2,159
Shanthi Nagar,2024Q3,223
Shanthi Nagar,2024Q4,166
Shanthi Nagar,2025Q1,161
Shanthi Nagar,2025Q2,202
Shettyhalli,2020Q1,86
Shettyhalli,2020Q2,156
Shettyhalli,2020Q3,220
Shettyhalli,2020Q4,228
Shettyhalli,2021Q1,152
Shettyhalli,2021Q2,143
Shettyhalli,2021Q3,288
Shettyhalli,2021Q4,299
Shettyhalli,2022Q1,299
Shettyhalli,2022Q2,365
Shettyhalli,2022Q3,323
Shettyhalli,2022Q4,267
Shettyhalli,2023Q1,197
Shettyhalli,2023Q2,264
Shettyhalli,2023Q3,383
Shettyhalli,2023Q4,283
Shettyhalli,2024Q1,309
Shettyhalli,2024Q2,375
Shettyhalli,2024Q3,530
Shettyhalli,2024Q4,565
Shettyhalli,2025Q1,516
Shettyhalli,2025Q2,600
Shiva Nagar,2020Q1,13
Shiva Nagar,2020Q2,22
Shiva Nagar,2020Q3,47
Shiva Nagar,2020Q4,46
Shiva Nagar,2021Q1,34
Shiva Nagar,2021Q2,50
Shiva Nagar,2021Q3,59
Shiva Nagar,2021Q4,59
Shiva Nagar,2022Q1,49
Shiva Nagar,2022Q2,95
Shiva Nagar,2022Q3,67
Shiva Nagar,2022Q4,69
Shiva Nagar,2023Q1,65
Shiva Nagar,2023Q2,75
Shiva Nagar,2023Q3,116
Shiva Nagar,2023Q4,55
Shiva Nagar,2024Q1,75
Shiva Nagar,2024Q2,104
Shiva Nagar,2024Q3,128
Shiva Nagar,2024Q4,116
Shiva Nagar,2025Q1,139
Shiva Nagar,2025Q2,126
Shivaji Nagar,2020Q1,22
Shivaji Nagar,2020Q2,27
Shivaji Nagar,2020Q3,32
Shivaji Nagar,2020Q4,46
Shivaji Nagar,2021Q1,19
Shivaji Nagar,2021Q2,28
Shivaji Nagar,2021Q3,32
Shivaji Nagar,2021Q4,30
Shivaji Nagar,2022Q1,48
Shivaji Nagar,2022Q2,46
Shivaji Nagar,2022Q3,55
Shivaji Nagar,2022Q4,50
Shivaji Nagar,2023Q1,47
Shivaji Nagar,2023Q2,47
Shivaji Nagar,2023Q3,51
Shivaji Nagar,2023Q4,71
Shivaji Nagar,2024Q1,48
Shivaji Nagar,2024Q2,64
Shivaji Nagar,2024Q3,133
Shivaji Nagar,2024Q4,80
Shivaji Nagar,2025Q1,94
Shivaji Nagar,2025Q2,139
Siddapura,2020Q1,12
Siddapura,2020Q2,4
Siddapura,2020Q3,14
Siddapura,2020Q4,31
Siddapura,2021Q1,17
Siddapura,2021Q2,29
Siddapura,2021Q3,27
Siddapura,2021Q4,22
Siddapura,2022Q1,28
Siddapura,2022Q2,28
Siddapura,2022Q3,23
Siddapura,2022Q4,36
Siddapura,2023Q1,38
Siddapura,2023Q2,52
Siddapura,2023Q3,73
Siddapura,2023Q4,52
Siddapura,2024Q1,74
Siddapura,2024Q2,100
Siddapura,2024Q3,131
Siddapura,2024Q4,156
Siddapura,2025Q1,116
Siddapura,2025Q2,149
Singasandra,2020Q1,317
Singasandra,2020Q2,316
Singasandra,2020Q3,315
Singasandra,2020Q4,400
Singasandra,2021Q1,321
Singasandra,2021Q2,210
Singasandra,2021Q3,272
Singasandra,2021Q4,388
Singasandra,2022Q1,340
Singasandra,2022Q2,494
Singasandra,2022Q3,544
Singasandra,2022Q4,389
Singasandra,2023Q1,301
Singasandra,2023Q2,337
Singasandra,2023Q3,375
Singasandra,2023Q4,309
Singasandra,2024Q1,407
Singasandra,2024Q2,538
Singasandra,2024Q3,641
Singasandra,2024Q4,575
Singasandra,2025Q1,618
Singasandra,2025Q2,787
Someshwara,2020Q1,191
Someshwara,2020Q2,208
Someshwara,2020Q3,315
Someshwara,2020Q4,494
Someshwara,2021Q1,441
Someshwara,2021Q2,343
Someshwara,2021Q3,427
Someshwara,2021Q4,431
Someshwara,2022Q1,342
Someshwara,2022Q2,514
Someshwara,2022Q3,418
Someshwara,2022Q4,420
Someshwara,2023Q1,339
Someshwara,2023Q2,382
Someshwara,2023Q3,554
Someshwara,2023Q4,549
Someshwara,2024Q1,719
Someshwara,2024Q2,598
Someshwara,2024Q3,686
Someshwara,2024Q4,891
Someshwara,2025Q1,1008
Someshwara,2025Q2,1106
Sri Nagar,2020Q1,32
Sri Nagar,2020Q2,48
Sri Nagar,2020Q3,74
Sri Nagar,2020Q4,89
Sri Nagar,2021Q1,87
Sri Nagar,2021Q2,64
Sri Nagar,2021Q3,71
Sri Nagar,2021Q4,81
Sri Nagar,2022Q1,115
Sri Nagar,2022Q2,95
Sri Nagar,2022Q3,137
Sri Nagar,2022Q4,159
Sri Nagar,2023Q1,105
Sri Nagar,2023Q2,132
Sri Nagar,2023Q3,149
Sri Nagar,2023Q4,123
Sri Nagar,2024Q1,142
Sri Nagar,2024Q2,187
Sri Nagar,2024Q3,203
Sri Nagar,2024Q4,233
Sri Nagar,2025Q1,170
Sri Nagar,2025Q2,166
Sri Rammandira,2020Q1,41
Sri Rammandira,2020Q2,70
Sri Rammandira,2020Q3,80
Sri Rammandira,2020Q4,94
Sri Rammandira,2021Q1,72
Sri Rammandira,2021Q2,81
Sri Rammandira,2021Q3,72
Sri Rammandira,2021Q4,100
Sri Rammandira,2022Q1,164
Sri Rammandira,2022Q2,99
Sri Rammandira,2022Q3,153
Sri Rammandira,2022Q4,73
Sri Rammandira,2023Q1,99
Sri Rammandira,2023Q2,109
Sri Rammandira,2023Q3,111
Sri Rammandira,2023Q4,97
Sri Rammandira,2024Q1,127
Sri Rammandira,2024Q2,153
Sri Rammandira,2024Q3,180
Sri Rammandira,2024Q4,182
Sri Rammandira,2025Q1,187
Sri Rammandira,2025Q2,203
Subedarapalya,2020Q1,39
Subedarapalya,2020Q2,77
Subedarapalya,2020Q3,73
Subedarapalya,2020Q4,108
Subedarapalya,2021Q1,72
Subedarapalya,2021Q2,55
Subedarapalya,2021Q3,82
Subedarapalya,2021Q4,111
Subedarapalya,2022Q1,120
Subedarapalya,2022Q2,60
Subedarapalya,2022Q3,54
Subedarapalya,2022Q4,65
Subedarapalya,2023Q1,39
Subedarapalya,2023Q2,77
Subedarapalya,2023Q3,81
Subedarapalya,2023Q4,80
Subedarapalya,2024Q1,86
Subedarapalya,2024Q2,101
Subedarapalya,2024Q3,143
Subedarapalya,2024Q4,160
Subedarapalya,2025Q1,157
Subedarapalya,2025Q2,198
Subhash Nagar,2020Q1,17
Subhash Nagar,2020Q2,12
Subhash Nagar,2020Q3,14
Subhash Nagar,2020Q4,19
Subhash Nagar,2021Q1,16
Subhash Nagar,2021Q2,14
Subhash Nagar,2021Q3,14
Subhash Nagar,2021Q4,24
Subhash Nagar,2022Q1,16
Subhash Nagar,2022Q2,10
Subhash Nagar,2022Q3,22
Subhash Nagar,2022Q4,21
Subhash Nagar,2023Q1,14
Subhash Nagar,2023Q2,20
Subhash Nagar,2023Q3,23
Subhash Nagar,2023Q4,24
Subhash Nagar,2024Q1,20
Subhash Nagar,2024Q2,29
Subhash Nagar,2024Q3,33
Subhash Nagar,2024Q4,26
Subhash Nagar,2025Q1,39
Subhash Nagar,2025Q2,37
Subramanya Nagar,2020Q1,44
Subramanya Nagar,2020Q2,52
Subramanya Nagar,2020Q3,81
Subramanya Nagar,2020Q4,61
Subramanya Nagar,2021Q1,63
Subramanya Nagar,2021Q2,55
Subramanya Nagar,2021Q3,86
Subramanya Nagar,2021Q4,97
Subramanya Nagar,2022Q1,54
Subramanya Nagar,2022Q2,56
Subramanya Nagar,2022Q3,69
Subramanya Nagar,2022Q4,63
Subramanya Nagar,2023Q1,37
Subramanya Nagar,2023Q2,65
Subramanya Nagar,2023Q3,74
Subramanya Nagar,2023Q4,60
Subramanya Nagar,2024Q1,61
Subramanya Nagar,2024Q2,93
Subramanya Nagar,2024Q3,132
Subramanya Nagar,2024Q4,116
Subramanya Nagar,2025Q1,114
Subramanya Nagar,2025Q2,131
Sudam Nagar,2020Q1,29
Sudam Nagar,2020Q2,42
Sudam Nagar,2020Q3,62
Sudam Nagar,2020Q4,69
Sudam Nagar,2021Q1,35
Sudam Nagar,2021Q2,37
Sudam Nagar,2021Q3,64
Sudam Nagar,2021Q4,73
Sudam Nagar,2022Q1,78
Sudam Nagar,2022Q2,71
Sudam Nagar,2022Q3,94
Sudam Nagar,2022Q4,72
Sudam Nagar,2023Q1,42
Sudam Nagar,2023Q2,61
Sudam Nagar,2023Q3,102
Sudam Nagar,2023Q4,82
Sudam Nagar,2024Q1,57
Sudam Nagar,2024Q2,93
Sudam Nagar,2024Q3,186
Sudam Nagar,2024Q4,184
Sudam Nagar,2025Q1,123
Sudam Nagar,2025Q2,180
Sudduguntepalya,2020Q1,38
Sudduguntepalya,2020Q2,48
Sudduguntepalya,2020Q3,81
Sudduguntepalya,2020Q4,60
Sudduguntepalya,2021Q1,34
Sudduguntepalya,2021Q2,55
Sudduguntepalya,2021Q3,67
Sudduguntepalya,2021Q4,50
Sudduguntepalya,2022Q1,47
Sudduguntepalya,2022Q2,87
Sudduguntepalya,2022Q3,75
Sudduguntepalya,2022Q4,70
Sudduguntepalya,2023Q1,49
Sudduguntepalya,2023Q2,61
Sudduguntepalya,2023Q3,122
Sudduguntepalya,2023Q4,88
Sudduguntepalya,2024Q1,98
Sudduguntepalya,2024Q2,150
Sudduguntepalya,2024Q3,273
Sudduguntepalya,2024Q4,210
Sudduguntepalya,2025Q1,133
Sudduguntepalya,2025Q2,170
Sunkenahalli,2020Q1,70
Sunkenahalli,2020Q2,107
Sunkenahalli,2020Q3,131
Sunkenahalli,2020Q4,134
Sunkenahalli,2021Q1,148
Sunkenahalli,2021Q2,96
Sunkenahalli,2021Q3,156
Sunkenahalli,2021Q4,192
Sunkenahalli,2022Q1,127
Sunkenahalli,2022Q2,164
Sunkenahalli,2022Q3,184
Sunkenahalli,2022Q4,144
Sunkenahalli,2023Q1,85
Sunkenahalli,2023Q2,165
Sunkenahalli,2023Q3,179
Sunkenahalli,2023Q4,164
Sunkenahalli,2024Q1,183
Sunkenahalli,2024Q2,222
Sunkenahalli,2024Q3,278
Sunkenahalli,2024Q4,307
Sunkenahalli,2025Q1,303
Sunkenahalli,2025Q2,315
T-Dasarahalli,2020Q1,12
T-Dasarahalli,2020Q2,37
T-Dasarahalli,2020Q3,45
T-Dasarahalli,2020Q4,56
T-Dasarahalli,2021Q1,82
T-Dasarahalli,2021Q2,45
T-Dasarahalli,2021Q3,67
T-Dasarahalli,2021Q4,71
T-Dasarahalli,2022Q1,66
T-Dasarahalli,2022Q2,68
T-Dasarahalli,2022Q3,69
T-Dasarahalli,2022Q4,52
T-Dasarahalli,2023Q1,30
T-Dasarahalli,2023Q2,58
T-Dasarahalli,2023Q3,93
T-Dasarahalli,2023Q4,72
T-Dasarahalli,2024Q1,101
T-Dasarahalli,2024Q2,81
T-Dasarahalli,2024Q3,141
T-Dasarahalli,2024Q4,131
T-Dasarahalli,2025Q1,155
T-Dasarahalli,2025Q2,128
Thanisandra,2020Q1,241
Thanisandra,2020Q2,269
Thanisandra,2020Q3,411
Thanisandra,2020Q4,525
Thanisandra,2021Q1,872
Thanisandra,2021Q2,561
Thanisandra,2021Q3,686
Thanisandra,2021Q4,625
Thanisandra,2022Q1,397
Thanisandra,2022Q2,686
Thanisandra,2022Q3,569
Thanisandra,2022Q4,598
Thanisandra,2023Q1,405
Thanisandra,2023Q2,472
Thanisandra,2023Q3,794
Thanisandra,2023Q4,532
Thanisandra,2024Q1,581
Thanisandra,2024Q2,953
Thanisandra,2024Q3,1117
Thanisandra,2024Q4,1072
Thanisandra,2025Q1,1111
Thanisandra,2025Q2,1369
Ullalu,2020Q1,141
Ullalu,2020Q2,265
Ullalu,2020Q3,243
Ullalu,2020Q4,312
Ullalu,2021Q1,304
Ullalu,2021Q2,294
Ullalu,2021Q3,318
Ullalu,2021Q4,340
Ullalu,2022Q1,310
Ullalu,2022Q2,375
Ullalu,2022Q3,475
Ullalu,2022Q4,412
Ullalu,2023Q1,288
Ullalu,2023Q2,366
Ullalu,2023Q3,493
Ullalu,2023Q4,559
Ullalu,2024Q1,598
Ullalu,2024Q2,831
Ullalu,2024Q3,992
Ullalu,2024Q4,1000
Ullalu,2025Q1,893
Ullalu,2025Q2,1012
Ulsoor,2020Q1,68
Ulsoor,2020Q2,38
Ulsoor,2020Q3,74
Ulsoor,2020Q4,96
Ulsoor,2021Q1,73
Ulsoor,2021Q2,47
Ulsoor,2021Q3,51
Ulsoor,2021Q4,137
Ulsoor,2022Q1,84
Ulsoor,2022Q2,75
Ulsoor,2022Q3,107
Ulsoor,2022Q4,51
Ulsoor,2023Q1,43
Ulsoor,2023Q2,72
Ulsoor,2023Q3,114
Ulsoor,2023Q4,79
Ulsoor,2024Q1,47
Ulsoor,2024Q2,119
Ulsoor,2024Q3,160
Ulsoor,2024Q4,132
Ulsoor,2025Q1,128
Ulsoor,2025Q2,149
Uttarahalli,2020Q1,211
Uttarahalli,2020Q2,377
Uttarahalli,2020Q3,377
Uttarahalli,2020Q4,437
Uttarahalli,2021Q1,460
Uttarahalli,2021Q2,449
Uttarahalli,2021Q3,464
Uttarahalli,2021Q4,523
Uttarahalli,2022Q1,514
Uttarahalli,2022Q2,688
Uttarahalli,2022Q3,562
Uttarahalli,2022Q4,403
Uttarahalli,2023Q1,358
Uttarahalli,2023Q2,455
Uttarahalli,2023Q3,590
Uttarahalli,2023Q4,452
Uttarahalli,2024Q1,439
Uttarahalli,2024Q2,671
Uttarahalli,2024Q3,742
Uttarahalli,2024Q4,870
Uttarahalli,2025Q1,935
Uttarahalli,2025Q2,1137
Vannarpet,2020Q1,35
Vannarpet,2020Q2,74
Vannarpet,2020Q3,53
Vannarpet,2020Q4,98
Vannarpet,2021Q1,90
Vannarpet,2021Q2,82
Vannarpet,2021Q3,79
Vannarpet,2021Q4,80
Vannarpet,2022Q1,56
Vannarpet,2022Q2,76
Vannarpet,2022Q3,101
Vannarpet,2022Q4,71
Vannarpet,2023Q1,54
Vannarpet,2023Q2,63
Vannarpet,2023Q3,109
Vannarpet,2023Q4,105
Vannarpet,2024Q1,122
Vannarpet,2024Q2,210
Vannarpet,2024Q3,204
Vannarpet,2024Q4,223
Vannarpet,2025Q1,158
Vannarpet,2025Q2,201
Varthur,2020Q1,217
Varthur,2020Q2,361
Varthur,2020Q3,222
Varthur,2020Q4,209
Varthur,2021Q1,184
Varthur,2021Q2,174
Varthur,2021Q3,171
Varthur,2021Q4,266
Varthur,2022Q1,145
Varthur,2022Q2,251
Varthur,2022Q3,374
Varthur,2022Q4,314
Varthur,2023Q1,290
Varthur,2023Q2,274
Varthur,2023Q3,315
Varthur,2023Q4,375
Varthur,2024Q1,393
Varthur,2024Q2,387
Varthur,2024Q3,663
Varthur,2024Q4,665
Varthur,2025Q1,738
Varthur,2025Q2,860
Vasanth Nagar,2020Q1,44
Vasanth Nagar,2020Q2,73
Vasanth Nagar,2020Q3,62
Vasanth Nagar,2020Q4,64
Vasanth Nagar,2021Q1,60
Vasanth Nagar,2021Q2,65
Vasanth Nagar,2021Q3,118
Vasanth Nagar,2021Q4,96
Vasanth Nagar,2022Q1,77
Vasanth Nagar,2022Q2,80
Vasanth Nagar,2022Q3,128
Vasanth Nagar,2022Q4,85
Vasanth Nagar,2023Q1,56
Vasanth Nagar,2023Q2,94
Vasanth Nagar,2023Q3,105
Vasanth Nagar,2023Q4,79
Vasanth Nagar,2024Q1,78
Vasanth Nagar,2024Q2,102
Vasanth Nagar,2024Q3,199
Vasanth Nagar,2024Q4,134
Vasanth Nagar,2025Q1,139
Vasanth Nagar,2025Q2,182
Vasanthapura,2020Q1,275
Vasanthapura,2020Q2,381
Vasanthapura,2020Q3,450
Vasanthapura,2020Q4,495
Vasanthapura,2021Q1,388
Vasanthapura,2021Q2,469
Vasanthapura,2021Q3,408
Vasanthapura,2021Q4,513
Vasanthapura,2022Q1,291
Vasanthapura,2022Q2,468
Vasanthapura,2022Q3,441
Vasanthapura,2022Q4,280
Vasanthapura,2023Q1,217
Vasanthapura,2023Q2,290
Vasanthapura,2023Q3,356
Vasanthapura,2023Q4,347
Vasanthapura,2024Q1,335
Vasanthapura,2024Q2,463
Vasanthapura,2024Q3,569
Vasanthapura,2024Q4,582
Vasanthapura,2025Q1,613
Vasanthapura,2025Q2,953
Vidyapeetha,2020Q1,36
Vidyapeetha,2020Q2,57
Vidyapeetha,2020Q3,101
Vidyapeetha,2020Q4,84
Vidyapeetha,2021Q1,111
Vidyapeetha,2021Q2,61
Vidyapeetha,2021Q3,113
Vidyapeetha,2021Q4,117
Vidyapeetha,2022Q1,88
Vidyapeetha,2022Q2,115
Vidyapeetha,2022Q3,127
Vidyapeetha,2022Q4,111
Vidyapeetha,2023Q1,96
Vidyapeetha,2023Q2,89
Vidyapeetha,2023Q3,130
Vidyapeetha,2023Q4,131
Vidyapeetha,2024Q1,133
Vidyapeetha,2024Q2,269
Vidyapeetha,2024Q3,252
Vidyapeetha,2024Q4,333
Vidyapeetha,2025Q1,324
Vidyapeetha,2025Q2,401
Vidyaranyapura,2020Q1,200
Vidyaranyapura,2020Q2,248
Vidyaranyapura,2020Q3,356
Vidyaranyapura,2020Q4,501
Vidyaranyapura,2021Q1,369
Vidyaranyapura,2021Q2,290
Vidyaranyapura,2021Q3,340
Vidyaranyapura,2021Q4,375
Vidyaranyapura,2022Q1,294
Vidyaranyapura,2022Q2,396
Vidyaranyapura,2022Q3,496
Vidyaranyapura,2022Q4,432
Vidyaranyapura,2023Q1,367
Vidyaranyapura,2023Q2,496
Vidyaranyapura,2023Q3,547
Vidyaranyapura,2023Q4,373
Vidyaranyapura,2024Q1,380
Vidyaranyapura,2024Q2,512
Vidyaranyapura,2024Q3,672
Vidyaranyapura,2024Q4,838
Vidyaranyapura,2025Q1,693
Vidyaranyapura,2025Q2,774
Vignana Nagar,2020Q1,176
Vignana Nagar,2020Q2,215
Vignana Nagar,2020Q3,195
Vignana Nagar,2020Q4,222
Vignana Nagar,2021Q1,202
Vignana Nagar,2021Q2,142
Vignana Nagar,2021Q3,154
Vignana Nagar,2021Q4,183
Vignana Nagar,2022Q1,111
Vignana Nagar,2022Q2,176
Vignana Nagar,2022Q3,265
Vignana Nagar,2022Q4,250
Vignana Nagar,2023Q1,202
Vignana Nagar,2023Q2,205
Vignana Nagar,2023Q3,288
Vignana Nagar,2023Q4,217
Vignana Nagar,2024Q1,227
Vignana Nagar,2024Q2,254
Vignana Nagar,2024Q3,568
Vignana Nagar,2024Q4,396
Vignana Nagar,2025Q1,432
Vignana Nagar,2025Q2,619
Vijanapura,2020Q1,58
Vijanapura,2020Q2,140
Vijanapura,2020Q3,166
Vijanapura,2020Q4,171
Vijanapura,2021Q1,85
Vijanapura,2021Q2,76
Vijanapura,2021Q3,71
Vijanapura,2021Q4,91
Vijanapura,2022Q1,76
Vijanapura,2022Q2,112
Vijanapura,2022Q3,119
Vijanapura,2022Q4,88
Vijanapura,2023Q1,70
Vijanapura,2023Q2,73
Vijanapura,2023Q3,96
Vijanapura,2023Q4,94
Vijanapura,2024Q1,97
Vijanapura,2024Q2,169
Vijanapura,2024Q3,199
Vijanapura,2024Q4,213
Vijanapura,2025Q1,241
Vijanapura,2025Q2,245
Vijay Nagar,2020Q1,33
Vijay Nagar,2020Q2,32
Vijay Nagar,2020Q3,89
Vijay Nagar,2020Q4,59
Vijay Nagar,2021Q1,60
Vijay Nagar,2021Q2,51
Vijay Nagar,2021Q3,75
Vijay Nagar,2021Q4,110
Vijay Nagar,2022Q1,83
Vijay Nagar,2022Q2,84
Vijay Nagar,2022Q3,110
Vijay Nagar,2022Q4,94
Vijay Nagar,2023Q1,61
Vijay Nagar,2023Q2,110
Vijay Nagar,2023Q3,154
Vijay Nagar,2023Q4,92
Vijay Nagar,2024Q1,105
Vijay Nagar,2024Q2,143
Vijay Nagar,2024Q3,203
Vijay Nagar,2024Q4,260
Vijay Nagar,2025Q1,215
Vijay Nagar,2025Q2,206
Vishwanathnagenahalli,2020Q1,70
Vishwanathnagenahalli,2020Q2,81
Vishwanathnagenahalli,2020Q3,116
Vishwanathnagenahalli,2020Q4,117
Vishwanathnagenahalli,2021Q1,111
Vishwanathnagenahalli,2021Q2,104
Vishwanathnagenahalli,2021Q3,159
Vishwanathnagenahalli,2021Q4,160
Vishwanathnagenahalli,2022Q1,150
Vishwanathnagenahalli,2022Q2,175
Vishwanathnagenahalli,2022Q3,262
Vishwanathnagenahalli,2022Q4,317
Vishwanathnagenahalli,2023Q1,177
Vishwanathnagenahalli,2023Q2,233
Vishwanathnagenahalli,2023Q3,245
Vishwanathnagenahalli,2023Q4,427
Vishwanathnagenahalli,2024Q1,390
Vishwanathnagenahalli,2024Q2,419
Vishwanathnagenahalli,2024Q3,551
Vishwanathnagenahalli,2024Q4,569
Vishwanathnagenahalli,2025Q1,391
Vishwanathnagenahalli,2025Q2,407
Visvesvarapuram,2020Q1,86
Visvesvarapuram,2020Q2,82
Visvesvarapuram,2020Q3,91
Visvesvarapuram,2020Q4,118
Visvesvarapuram,2021Q1,115
Visvesvarapuram,2021Q2,133
Visvesvarapuram,2021Q3,166
Visvesvarapuram,2021Q4,167
Visvesvarapuram,2022Q1,167
Visvesvarapuram,2022Q2,141
Visvesvarapuram,2022Q3,177
Visvesvarapuram,2022Q4,147
Visvesvarapuram,2023Q1,113
Visvesvarapuram,2023Q2,163
Visvesvarapuram,2023Q3,196
Visvesvarapuram,2023Q4,143
Visvesvarapuram,2024Q1,173
Visvesvarapuram,2024Q2,190
Visvesvarapuram,2024Q3,301
Visvesvarapuram,2024Q4,318
Visvesvarapuram,2025Q1,292
Visvesvarapuram,2025Q2,321
Vrushabhavati Nagar,2020Q1,8
Vrushabhavati Nagar,2020Q2,27
Vrushabhavati Nagar,2020Q3,40
Vrushabhavati Nagar,2020Q4,21
Vrushabhavati Nagar,2021Q1,21
Vrushabhavati Nagar,2021Q2,32
Vrushabhavati Nagar,2021Q3,28
Vrushabhavati Nagar,2021Q4,39
Vrushabhavati Nagar,2022Q1,44
Vrushabhavati Nagar,2022Q2,42
Vrushabhavati Nagar,2022Q3,49
Vrushabhavati Nagar,2022Q4,36
Vrushabhavati Nagar,2023Q1,20
Vrushabhavati Nagar,2023Q2,22
Vrushabhavati Nagar,2023Q3,54
Vrushabhavati Nagar,2023Q4,26
Vrushabhavati Nagar,2024Q1,35
Vrushabhavati Nagar,2024Q2,53
Vrushabhavati Nagar,2024Q3,73
Vrushabhavati Nagar,2024Q4,56
Vrushabhavati Nagar,2025Q1,50
Vrushabhavati Nagar,2025Q2,55
Yadiyuru,2020Q1,42
Yadiyuru,2020Q2,53
Yadiyuru,2020Q3,71
Yadiyuru,2020Q4,67
Yadiyuru,2021Q1,33
Yadiyuru,2021Q2,47
Yadiyuru,2021Q3,62
Yadiyuru,2021Q4,58
Yadiyuru,2022Q1,77
Yadiyuru,2022Q2,58
Yadiyuru,2022Q3,80
Yadiyuru,2022Q4,74
Yadiyuru,2023Q1,41
Yadiyuru,2023Q2,55
Yadiyuru,2023Q3,83
Yadiyuru,2023Q4,79
Yadiyuru,2024Q1,69
Yadiyuru,2024Q2,117
Yadiyuru,2024Q3,142
Yadiyuru,2024Q4,92
Yadiyuru,2025Q1,122
Yadiyuru,2025Q2,124
Yelachenahalli,2020Q1,100
Yelachenahalli,2020Q2,103
Yelachenahalli,2020Q3,171
Yelachenahalli,2020Q4,161
Yelachenahalli,2021Q1,170
Yelachenahalli,2021Q2,148
Yelachenahalli,2021Q3,139
Yelachenahalli,2021Q4,144
Yelachenahalli,2022Q1,165
Yelachenahalli,2022Q2,167
Yelachenahalli,2022Q3,136
Yelachenahalli,2022Q4,179
Yelachenahalli,2023Q1,101
Yelachenahalli,2023Q2,135
Yelachenahalli,2023Q3,169
Yelachenahalli,2023Q4,148
Yelachenahalli,2024Q1,202
Yelachenahalli,2024Q2,249
Yelachenahalli,2024Q3,391
Yelachenahalli,2024Q4,475
Yelachenahalli,2025Q1,548
Yelachenahalli,2025Q2,636
Yelahanka old Satellite Town,2020Q1,140
Yelahanka old Satellite Town,2020Q2,127
Yelahanka old Satellite Town,2020Q3,195
Yelahanka old Satellite Town,2020Q4,232
Yelahanka old Satellite Town,2021Q1,231
Yelahanka old Satellite Town,2021Q2,190
Yelahanka old Satellite Town,2021Q3,191
Yelahanka old Satellite Town,2021Q4,180
Yelahanka old Satellite Town,2022Q1,141
Yelahanka old Satellite Town,2022Q2,190
Yelahanka old Satellite Town,2022Q3,219
Yelahanka old Satellite Town,2022Q4,185
Yelahanka old Satellite Town,2023Q1,119
Yelahanka old Satellite Town,2023Q2,117
Yelahanka old Satellite Town,2023Q3,206
Yelahanka old Satellite Town,2023Q4,173
Yelahanka old Satellite Town,2024Q1,147
Yelahanka old Satellite Town,2024Q2,205
Yelahanka old Satellite Town,2024Q3,236
Yelahanka old Satellite Town,2024Q4,364
Yelahanka old Satellite Town,2025Q1,330
Yelahanka old Satellite Town,2025Q2,308
Yeshwanthpur,2020Q1,16
Yeshwanthpur,2020Q2,36
Yeshwanthpur,2020Q3,46
Yeshwanthpur,2020Q4,46
Yeshwanthpur,2021Q1,42
Yeshwanthpur,2021Q2,50
Yeshwanthpur,2021Q3,49
Yeshwanthpur,2021Q4,59
Yeshwanthpur,2022Q1,66
Yeshwanthpur,2022Q2,61
Yeshwanthpur,2022Q3,47
Yeshwanthpur,2022Q4,46
Yeshwanthpur,2023Q1,21
Yeshwanthpur,2023Q2,35
Yeshwanthpur,2023Q3,68
Yeshwanthpur,2023Q4,52
Yeshwanthpur,2024Q1,59
Yeshwanthpur,2024Q2,81
Yeshwanthpur,2024Q3,117
Yeshwanthpur,2024Q4,111
Yeshwanthpur,2025Q1,107
Yeshwanthpur,2025Q2,124
